"","Store","StoreType","Assortment","CompetitionDistance","CompetitionOpenSinceMonth","CompetitionOpenSinceYear","Promo2","Promo2SinceWeek","Promo2SinceYear","PromoInterval","AvgSales","LogAvgSales"
"1",1,"c","a",1270,9,2008,0,NA,NA,"",4759.09603072983,8.46781301967983
"2",2,"a","a",570,11,2007,1,13,2010,"Jan,Apr,Jul,Oct",4953.90051020408,8.50793052712744
"3",3,"a","a",14130,12,2006,1,14,2011,"Jan,Apr,Jul,Oct",6942.56867779204,8.84542711150394
"4",4,"c","c",620,9,2009,0,NA,NA,"",9638.40178571429,9.17351058399627
"5",5,"a","a",29910,4,2015,0,NA,NA,"",4676.27471116816,8.45025707004682
"6",6,"a","a",310,12,2013,0,NA,NA,"",5509.94615384615,8.6143101296575
"7",7,"a","c",24000,4,2013,0,NA,NA,"",8817.05089058524,9.08444272694122
"8",8,"a","a",7520,10,2014,0,NA,NA,"",5539.35841836735,8.61963396407599
"9",9,"a","c",2030,8,2000,0,NA,NA,"",6562.33761232349,8.78910216180492
"10",10,"a","a",3160,9,2009,0,NA,NA,"",5568.42091836735,8.62486679512817
"11",11,"a","c",960,11,2011,1,1,2012,"Jan,Apr,Jul,Oct",8030.97704081633,8.99106147336434
"12",12,"a","c",1070,NA,NA,1,13,2010,"Jan,Apr,Jul,Oct",7589.59821428571,8.93453393279426
"13",13,"d","a",310,NA,NA,1,45,2009,"Feb,May,Aug,Nov",5034.74718196457,8.52411859176976
"14",14,"a","a",1300,3,2014,1,40,2011,"Jan,Apr,Jul,Oct",5508.56739409499,8.61405986726913
"15",15,"d","c",4110,3,2010,1,14,2011,"Jan,Apr,Jul,Oct",6672.8443877551,8.80580149294866
"16",16,"a","c",3270,NA,NA,0,NA,NA,"",7680.6833976834,8.94646380625623
"17",17,"a","a",50,12,2005,1,26,2010,"Jan,Apr,Jul,Oct",6335.66240409207,8.75394964989228
"18",18,"d","c",13840,6,2010,1,14,2012,"Jan,Apr,Jul,Oct",6560.27749360614,8.78878818189807
"19",19,"a","c",3240,NA,NA,1,22,2011,"Mar,Jun,Sept,Dec",6464.91527599487,8.77414518609222
"20",20,"d","a",2340,5,2009,1,40,2014,"Jan,Apr,Jul,Oct",7756.93537964459,8.9563426098702
"21",21,"c","c",550,10,1999,1,45,2009,"Jan,Apr,Jul,Oct",5482.32046332046,8.60928373252747
"22",22,"a","a",1040,NA,NA,1,22,2012,"Jan,Apr,Jul,Oct",4525.85783521809,8.41756241501039
"23",23,"d","a",4060,8,2005,0,NA,NA,"",5520.2811296534,8.61618406725933
"24",24,"a","c",4590,3,2000,1,40,2011,"Jan,Apr,Jul,Oct",9388.28626444159,9.14721804909673
"25",25,"c","a",430,4,2003,0,NA,NA,"",11168.7426666667,9.3208743223136
"26",26,"d","a",2300,NA,NA,0,NA,NA,"",6671.69565217391,8.80562932731679
"27",27,"a","a",60,1,2005,1,5,2011,"Jan,Apr,Jul,Oct",9478.57381258023,9.15678914222063
"28",28,"a","a",1200,10,2014,1,6,2015,"Mar,Jun,Sept,Dec",5313.73697916667,8.57805062926617
"29",29,"d","c",2170,NA,NA,0,NA,NA,"",7364.77535301669,8.90446382646503
"30",30,"a","a",40,2,2014,1,10,2014,"Mar,Jun,Sept,Dec",5294.7824967825,8.57447718009692
"31",31,"d","c",9800,7,2012,0,NA,NA,"",5862.42729591837,8.67631901112853
"32",32,"a","a",2910,NA,NA,1,45,2009,"Feb,May,Aug,Nov",4067.82125603865,8.31086281717622
"33",33,"a","c",1320,5,2013,0,NA,NA,"",8436.65982028241,9.04034175336726
"34",34,"c","a",2240,9,2009,0,NA,NA,"",8031.48596938776,8.99112484204837
"35",35,"d","c",7660,10,2000,1,1,2012,"Jan,Apr,Jul,Oct",9703.07188703466,9.18019780374099
"36",36,"a","c",540,6,2003,1,40,2014,"Jan,Apr,Jul,Oct",9363.63826366559,9.14458919732913
"37",37,"c","a",4230,12,2014,0,NA,NA,"",7114.17051282051,8.86984392084929
"38",38,"d","a",1090,4,2007,0,NA,NA,"",6004.6431322208,8.70028830430864
"39",39,"a","a",260,10,2006,1,31,2013,"Feb,May,Aug,Nov",4852.57124518614,8.48726399709636
"40",40,"a","a",180,NA,NA,1,45,2009,"Feb,May,Aug,Nov",4902.33891752577,8.49746770032024
"41",41,"d","c",1180,NA,NA,1,31,2013,"Jan,Apr,Jul,Oct",5335.05948553055,8.58205531372628
"42",42,"a","c",290,NA,NA,1,40,2011,"Jan,Apr,Jul,Oct",10178.136071887,9.22799717627606
"43",43,"d","a",4880,NA,NA,1,37,2009,"Jan,Apr,Jul,Oct",6822.91399229782,8.82804193118091
"44",44,"a","a",540,6,2011,0,NA,NA,"",5478.5,8.60858661984545
"45",45,"d","a",9710,2,2014,0,NA,NA,"",5348.46983311938,8.58456578647963
"46",46,"c","a",1200,9,2005,1,14,2011,"Jan,Apr,Jul,Oct",5352.29099678457,8.5852799719265
"47",47,"a","c",270,4,2013,1,14,2013,"Jan,Apr,Jul,Oct",7145.10204081633,8.87418237169185
"48",48,"a","a",1060,5,2012,0,NA,NA,"",3934.96683673469,8.27765773304844
"49",49,"d","c",18010,9,2007,0,NA,NA,"",7304.11325611326,8.89619292819419
"50",50,"d","a",6260,11,2009,0,NA,NA,"",4256.07060333761,8.35610162001396
"51",51,"a","c",10570,7,2013,1,9,2011,"Jan,Apr,Jul,Oct",6675.28617363344,8.8061673548039
"52",52,"d","c",450,4,2014,1,39,2010,"Jan,Apr,Jul,Oct",7407.94533762058,8.91030839746788
"53",53,"a","c",30360,9,2013,0,NA,NA,"",5264.80739795918,8.56879984231475
"54",54,"d","c",7170,8,2014,1,5,2013,"Feb,May,Aug,Nov",7907.53885350318,8.97557186866798
"55",55,"a","a",720,11,2004,0,NA,NA,"",4598.98974358974,8.43359193739822
"56",56,"d","c",6620,3,2012,1,10,2014,"Mar,Jun,Sept,Dec",7321.75416133163,8.89860521777257
"57",57,"d","c",420,6,2014,0,NA,NA,"",10605.5045513654,9.2691284426106
"58",58,"a","c",7340,5,2008,1,27,2012,"Jan,Apr,Jul,Oct",6336.15890850722,8.75402801343658
"59",59,"a","c",2840,6,2007,1,14,2011,"Jan,Apr,Jul,Oct",5501.31202046036,8.61274189194684
"60",60,"d","c",5540,10,2009,0,NA,NA,"",8033.08717948718,8.99132418878356
"61",61,"a","c",350,12,2007,1,1,2012,"Jan,Apr,Jul,Oct",4722.00514800515,8.45998880786196
"62",62,"a","a",2050,NA,NA,0,NA,NA,"",6503.86649550706,8.78015212449592
"63",63,"c","c",3700,6,2010,1,18,2010,"Feb,May,Aug,Nov",6956.38775510204,8.84741561789725
"64",64,"d","c",22560,NA,NA,1,14,2013,"Jan,Apr,Jul,Oct",10359.5250320924,9.24566166843938
"65",65,"a","c",13840,5,2010,1,1,2012,"Jan,Apr,Jul,Oct",5112.89487179487,8.53952103390536
"66",66,"d","a",7660,NA,NA,1,37,2009,"Jan,Apr,Jul,Oct",6114.36036036036,8.71839544091021
"67",67,"a","c",410,2,2006,0,NA,NA,"",7828.9305019305,8.96558118986385
"68",68,"a","c",250,NA,NA,1,35,2012,"Mar,Jun,Sept,Dec",7563.25255102041,8.93105660826695
"69",69,"c","c",1130,NA,NA,1,40,2011,"Jan,Apr,Jul,Oct",9426.45198463508,9.1512750571759
"70",70,"c","c",4840,NA,NA,0,NA,NA,"",6608.02813299233,8.79604057260585
"71",71,"a","a",17500,8,2008,1,37,2009,"Mar,Jun,Sept,Dec",9061.09756097561,9.11174553529527
"72",72,"a","a",2200,12,2009,1,13,2010,"Jan,Apr,Jul,Oct",4420.02568218299,8.3939007855035
"73",73,"a","c",1650,9,2008,0,NA,NA,"",4576.97831632653,8.42879430311271
"74",74,"a","a",330,NA,NA,0,NA,NA,"",6256.63015463918,8.74139700519576
"75",75,"d","c",22440,12,2013,0,NA,NA,"",6023.45408163265,8.70341614147417
"76",76,"d","c",19960,3,2006,0,NA,NA,"",8999.54735152488,9.10492956077854
"77",77,"d","c",1090,8,2009,1,10,2014,"Jan,Apr,Jul,Oct",7621.48911651729,8.93872705170341
"78",78,"a","a",3510,11,2006,1,5,2013,"Feb,May,Aug,Nov",3717.47307692308,8.22079943605471
"79",79,"a","a",3320,NA,NA,0,NA,NA,"",5474.24066924067,8.60780885451663
"80",80,"d","a",7910,NA,NA,0,NA,NA,"",7616.27342747112,8.93804247754302
"81",81,"a","a",2370,3,2011,1,40,2014,"Jan,Apr,Jul,Oct",6985.68810289389,8.85161877834863
"82",82,"a","a",22390,4,2008,1,37,2009,"Jan,Apr,Jul,Oct",9019.65340179718,9.10716118679701
"83",83,"a","a",2710,NA,NA,0,NA,NA,"",3887.70603337612,8.26557455402229
"84",84,"a","c",11810,8,2014,0,NA,NA,"",12955.9974326059,9.46931408212864
"85",85,"b","a",1870,10,2011,0,NA,NA,"",7272.45435244161,8.89184911361423
"86",86,"a","a",480,2,2005,1,31,2013,"Jan,Apr,Jul,Oct",4695.02185089974,8.45425804571029
"87",87,"a","a",560,12,2010,0,NA,NA,"",5865.16198979592,8.67678538044971
"88",88,"a","a",10690,10,2005,0,NA,NA,"",6024.43333333333,8.70357870137685
"89",89,"a","a",2380,7,2004,1,40,2014,"Jan,Apr,Jul,Oct",5971.33922829582,8.69472650757696
"90",90,"a","a",330,11,2007,0,NA,NA,"",8416.76863753213,9.03798126131236
"91",91,"c","a",2410,NA,NA,1,35,2011,"Jan,Apr,Jul,Oct",5559.00257069409,8.62317397739159
"92",92,"c","a",240,NA,NA,1,45,2009,"Feb,May,Aug,Nov",5996.68421052632,8.69896196387413
"93",93,"a","a",16690,NA,NA,1,14,2011,"Jan,Apr,Jul,Oct",5965.17586649551,8.69369381716454
"94",94,"d","c",14620,NA,NA,0,NA,NA,"",7121.14377406932,8.87082363392988
"95",95,"a","a",1890,10,2014,0,NA,NA,"",7638.54358974359,8.94096223437372
"96",96,"a","a",8780,2,2005,1,37,2009,"Jan,Apr,Jul,Oct",5176.88846153846,8.55195947167047
"97",97,"d","c",8980,NA,NA,0,NA,NA,"",6703.39615384615,8.81036956558816
"98",98,"d","c",15140,12,2006,1,1,2012,"Jan,Apr,Jul,Oct",5109.86392811297,8.53892805429388
"99",99,"c","c",2030,11,2003,1,22,2012,"Mar,Jun,Sept,Dec",5130.52090032154,8.54296247303367
"100",100,"d","a",17930,NA,NA,0,NA,NA,"",7964.41254125413,8.98273846460266
"101",101,"d","c",2440,NA,NA,1,22,2012,"Mar,Jun,Sept,Dec",7469.87755102041,8.9186338858935
"102",102,"a","a",150,12,2007,1,10,2014,"Mar,Jun,Sept,Dec",7079.5266579974,8.86496232823773
"103",103,"d","c",5210,5,2015,0,NA,NA,"",4689.49762282092,8.45308073903361
"104",104,"a","a",390,6,2009,0,NA,NA,"",10126.5369897959,9.22291468191539
"105",105,"a","c",6190,NA,NA,1,23,2013,"Mar,Jun,Sept,Dec",4441.36737400531,8.39871757513244
"106",106,"a","a",1390,8,2013,0,NA,NA,"",8668.81935483871,9.06748788458932
"107",107,"a","a",1930,9,2009,0,NA,NA,"",7336.58928571429,8.90062933864288
"108",108,"d","c",2190,9,2003,0,NA,NA,"",11035.3601286174,9.3088599532845
"109",109,"a","c",3300,11,2010,0,NA,NA,"",6464.32397959184,8.77405371955011
"110",110,"a","c",46590,4,2013,0,NA,NA,"",4534.42984693878,8.41945463180947
"111",111,"d","c",7890,NA,NA,1,37,2009,"Jan,Apr,Jul,Oct",6771.74519846351,8.82051411680144
"112",112,"a","a",1630,9,2009,0,NA,NA,"",6229.44897959184,8.73704316157645
"113",113,"d","c",20930,11,1999,0,NA,NA,"",7199.07717041801,8.88170812601429
"114",114,"c","a",4510,NA,NA,1,48,2011,"Mar,Jun,Sept,Dec",5346.55994897959,8.58420863288604
"115",115,"d","c",5740,4,2007,1,40,2014,"Jan,Apr,Jul,Oct",7371.68971061093,8.90540222764493
"116",116,"a","a",680,4,2013,0,NA,NA,"",7294.54533844189,8.89488213392096
"117",117,"a","a",3450,9,2011,0,NA,NA,"",3881.95635430039,8.26409452056951
"118",118,"d","c",3580,9,2012,0,NA,NA,"",7781.60613810742,8.95951804035252
"119",119,"a","c",2100,2,2010,0,NA,NA,"",6005.08545918367,8.70036196575065
"120",120,"d","a",2290,12,2014,1,37,2009,"Jan,Apr,Jul,Oct",7110.10243277849,8.86927192955406
"121",121,"a","a",3570,11,2009,1,36,2013,"Mar,Jun,Sept,Dec",4453.1717948718,8.40137188415799
"122",122,"a","c",58260,4,2013,0,NA,NA,"",6462.01468926554,8.7736964195582
"123",123,"a","a",16760,9,2011,0,NA,NA,"",8399.20442708333,9.03589226928452
"124",124,"a","a",1410,4,2003,0,NA,NA,"",4424.14634146341,8.39483262164771
"125",125,"a","a",760,12,2005,0,NA,NA,"",11836.8482142857,9.37897267488323
"126",126,"d","a",3370,10,2014,1,18,2011,"Feb,May,Aug,Nov",6507.75353016688,8.78074959579738
"127",127,"d","a",1350,12,2005,1,13,2010,"Jan,Apr,Jul,Oct",5238.15409309791,8.56372444294306
"128",128,"d","c",2000,NA,NA,1,1,2013,"Jan,Apr,Jul,Oct",7454.67221510884,8.91659625776926
"129",129,"a","a",2460,NA,NA,1,14,2011,"Jan,Apr,Jul,Oct",9208.12057877813,9.12784104531795
"130",130,"c","a",900,NA,NA,1,13,2010,"Jan,Apr,Jul,Oct",5121.06274007682,8.54111726291588
"131",131,"c","a",920,7,2015,0,NA,NA,"",5275.40436456996,8.5708106121968
"132",132,"d","c",1040,NA,NA,1,27,2012,"Jan,Apr,Jul,Oct",6283.25562700965,8.74564353707741
"133",133,"a","a",270,8,2013,1,10,2014,"Mar,Jun,Sept,Dec",6467.75959079284,8.77458505098841
"134",134,"a","a",1200,9,2008,0,NA,NA,"",4725.89158163265,8.4608115166527
"135",135,"d","a",5190,NA,NA,1,1,2013,"Jan,Apr,Jul,Oct",5952.41613316261,8.69155248891487
"136",136,"a","c",2200,12,2010,1,22,2012,"Feb,May,Aug,Nov",5488.81832797428,8.61046827052981
"137",137,"a","a",1730,7,2015,1,40,2014,"Jan,Apr,Jul,Oct",8274.98231511254,9.02099206309646
"138",138,"a","c",25360,10,2014,0,NA,NA,"",7334.91794871795,8.90040150424566
"139",139,"a","a",1700,1,2008,1,14,2011,"Jan,Apr,Jul,Oct",6464.14951768489,8.77402673076338
"140",140,"a","c",1090,7,2010,1,1,2013,"Jan,Apr,Jul,Oct",7469.04993597951,8.91852308609981
"141",141,"c","c",1540,NA,NA,1,22,2012,"Mar,Jun,Sept,Dec",5540.74131274131,8.61988358175358
"142",142,"a","a",1090,7,2002,0,NA,NA,"",4603.96534017972,8.43467324161615
"143",143,"d","a",2930,12,2002,0,NA,NA,"",6314.75609756098,8.7506444113247
"144",144,"a","c",16570,NA,NA,0,NA,NA,"",7718.2064,8.95133728441944
"145",145,"a","a",280,NA,NA,1,45,2009,"Feb,May,Aug,Nov",8342.26315789474,9.0290898203987
"146",146,"d","c",8050,10,1961,1,48,2012,"Jan,Apr,Jul,Oct",7812.83055198973,8.96352260380427
"147",147,"d","c",8540,NA,NA,0,NA,NA,"",8212.55840821566,9.01341977487907
"148",148,"a","a",2090,12,2008,0,NA,NA,"",8638.96556122449,9.06403812792016
"149",149,"d","a",2610,7,2006,1,14,2011,"Jan,Apr,Jul,Oct",5567.48392282958,8.62469851144519
"150",150,"c","c",31830,3,2010,0,NA,NA,"",8417.24107142857,9.03803738981706
"151",151,"d","c",4360,10,2005,0,NA,NA,"",6755.7641025641,8.8181513605869
"152",152,"a","a",1780,NA,NA,0,NA,NA,"",5541.93966623877,8.62009983872324
"153",153,"a","a",16240,10,2000,1,18,2011,"Feb,May,Aug,Nov",7066.81258023107,8.86316481992473
"154",154,"d","c",16420,NA,NA,0,NA,NA,"",8737.57362355954,9.07538781266503
"155",155,"d","a",3050,NA,NA,1,35,2010,"Jan,Apr,Jul,Oct",6886.85232744783,8.83736941309727
"156",156,"a","a",2020,2,2011,1,14,2011,"Mar,Jun,Sept,Dec",6961.61125319693,8.84816622843215
"157",157,"a","c",2950,10,2004,0,NA,NA,"",9722.79075738126,9.18222797120179
"158",158,"d","c",11840,NA,NA,1,31,2009,"Feb,May,Aug,Nov",8156.86521181001,9.00661520892843
"159",159,"d","a",8530,3,2013,0,NA,NA,"",7748.60834670947,8.95526853805658
"160",160,"d","c",17110,11,2005,0,NA,NA,"",5730.65813060179,8.65358566011179
"161",161,"a","c",2970,3,2005,0,NA,NA,"",7252.59820282413,8.88911505645185
"162",162,"d","c",5340,3,2012,1,13,2010,"Jan,Apr,Jul,Oct",7768.1318822023,8.9577849874535
"163",163,"a","a",1480,4,2009,0,NA,NA,"",7298.70663265306,8.89545243783022
"164",164,"a","a",1160,9,2005,1,13,2010,"Jan,Apr,Jul,Oct",6210.21829855538,8.73395132705612
"165",165,"a","a",3720,4,2005,1,13,2010,"Jan,Apr,Jul,Oct",3996.83440514469,8.29325792806692
"166",166,"a","c",100,4,2014,1,31,2013,"Jan,Apr,Jul,Oct",5819.24646983312,8.66892605980593
"167",167,"a","a",140,4,2008,0,NA,NA,"",9295.77948717949,9.13731575755168
"168",168,"a","a",12540,NA,NA,0,NA,NA,"",7517.148005148,8.92494209037408
"169",169,"d","a",980,7,2014,1,18,2014,"Feb,May,Aug,Nov",7218.92819843342,8.88446177189679
"170",170,"a","a",1070,5,2015,1,14,2011,"Jan,Apr,Jul,Oct",5009.44159178434,8.51907972914124
"171",171,"a","a",2640,NA,NA,0,NA,NA,"",8429.14762516046,9.03945093380312
"172",172,"a","a",110,NA,NA,1,40,2014,"Jan,Apr,Jul,Oct",6981.67202572347,8.85104371230263
"173",173,"a","a",350,12,2012,0,NA,NA,"",8232.78316326531,9.01587940943978
"174",174,"a","a",13090,NA,NA,1,22,2012,"Jan,Apr,Jul,Oct",5936.54019292605,8.68888178355813
"175",175,"c","a",4130,NA,NA,0,NA,NA,"",5784.54846938776,8.66294558461748
"176",176,"a","a",3770,NA,NA,0,NA,NA,"",5278.17715019255,8.57133608038644
"177",177,"a","a",1250,2,2004,1,5,2013,"Feb,May,Aug,Nov",3994.09615384615,8.29257258825937
"178",178,"d","a",1710,NA,NA,0,NA,NA,"",10089.9256410256,9.21929274374921
"179",179,"a","c",480,NA,NA,0,NA,NA,"",7295.27471116816,8.89498211770751
"180",180,"d","a",5800,9,2010,0,NA,NA,"",7220.0612244898,8.88461871169715
"181",181,"a","a",12610,3,2013,1,14,2011,"Jan,Apr,Jul,Oct",6382.69823434992,8.76134620767757
"182",182,"d","c",1390,NA,NA,1,9,2011,"Mar,Jun,Sept,Dec",5304.6542893726,8.57633988198261
"183",183,"a","a",9670,NA,NA,0,NA,NA,"",4821.33551554828,8.48080624658023
"184",184,"d","c",3560,NA,NA,0,NA,NA,"",6594.2972972973,8.79396050864768
"185",185,"d","c",1860,5,2015,0,NA,NA,"",7170.61734693878,8.87774703127332
"186",186,"a","a",290,10,2011,1,40,2014,"Jan,Apr,Jul,Oct",3783.83922829582,8.23849444203233
"187",187,"a","c",19360,NA,NA,0,NA,NA,"",6279.73341836735,8.74508280925668
"188",188,"d","a",850,NA,NA,1,18,2011,"Feb,May,Aug,Nov",4986.95250320924,8.5145802813799
"189",189,"d","a",5760,7,2014,0,NA,NA,"",8762.92939666239,9.0782855340409
"190",190,"a","a",1470,12,2006,1,40,2014,"Jan,Apr,Jul,Oct",7198.95498392283,8.88169115334833
"191",191,"a","a",1100,8,2013,1,40,2014,"Jan,Apr,Jul,Oct",6838.93729903537,8.830387632908
"192",192,"d","c",2770,3,2008,1,40,2014,"Jan,Apr,Jul,Oct",9016.83440514469,9.10684859859186
"193",193,"a","a",520,NA,NA,0,NA,NA,"",5362.03603603604,8.58709903940667
"194",194,"d","c",16970,NA,NA,1,5,2013,"Feb,May,Aug,Nov",4829.49292149292,8.48249675593713
"195",195,"a","c",220,NA,NA,0,NA,NA,"",10713.1797175867,9.27923001177635
"196",196,"c","a",3850,11,2005,1,14,2011,"Jan,Apr,Jul,Oct",5216.33631713555,8.55955057950631
"197",197,"c","a",4210,3,2015,0,NA,NA,"",6846.66836734694,8.83151744320977
"198",198,"a","a",290,9,2002,1,13,2010,"Jan,Apr,Jul,Oct",2900.60485933504,7.97267456641091
"199",199,"d","c",6360,12,2010,1,14,2012,"Mar,Jun,Sept,Dec",7955.69704749679,8.98164356075424
"200",200,"a","a",1650,10,2000,0,NA,NA,"",7729.54428754814,8.95280518609824
"201",201,"d","a",20260,NA,NA,1,18,2014,"Mar,Jun,Sept,Dec",5249.35173299101,8.56585986853117
"202",202,"d","c",5140,5,2010,0,NA,NA,"",6065.79769526248,8.71042133709273
"203",203,"c","c",490,11,2002,0,NA,NA,"",6775.24040920716,8.82103012987216
"204",204,"a","a",5630,12,2002,1,40,2014,"Jan,Apr,Jul,Oct",5486.24758842444,8.60999980143514
"205",205,"a","a",110,12,2007,0,NA,NA,"",6536.82015306122,8.78520611108209
"206",206,"a","c",380,NA,NA,1,14,2012,"Jan,Apr,Jul,Oct",7157.55198973042,8.87592330061762
"207",207,"a","a",6870,NA,NA,0,NA,NA,"",11184.2066326531,9.32225794004085
"208",208,"c","a",300,4,2006,0,NA,NA,"",2936.29081632653,7.98490243671143
"209",209,"a","c",11680,9,2011,1,31,2013,"Jan,Apr,Jul,Oct",5587.78231292517,8.6283377634486
"210",210,"d","a",970,11,1999,1,5,2013,"Feb,May,Aug,Nov",3193.98459563543,8.06902450585645
"211",211,"a","c",350,11,2006,0,NA,NA,"",12994.3456632653,9.47226959284634
"212",212,"a","c",15050,9,2008,0,NA,NA,"",4775.6568877551,8.47128681156946
"213",213,"d","c",4030,3,2014,1,1,2014,"Jan,Apr,Jul,Oct",8131.04107830552,9.00344424825577
"214",214,"d","a",8650,7,2013,1,10,2014,"Jan,Apr,Jul,Oct",9331.87548138639,9.1411912898661
"215",215,"d","a",150,NA,NA,1,45,2009,"Feb,May,Aug,Nov",6313.49275362319,8.75044432911902
"216",216,"c","a",190,NA,NA,1,45,2009,"Feb,May,Aug,Nov",7226.77577319588,8.88554826453846
"217",217,"c","a",3150,NA,NA,0,NA,NA,"",4700.88775510204,8.45550665392607
"218",218,"a","c",640,NA,NA,1,9,2011,"Mar,Jun,Sept,Dec",5018.57717041801,8.52090174032363
"219",219,"a","a",1640,2,2013,0,NA,NA,"",3133.71245186136,8.04997366754555
"220",220,"a","a",1000,9,2008,0,NA,NA,"",4906.43298969072,8.498302478097
"221",221,"d","c",13530,9,2013,0,NA,NA,"",5821.83801020408,8.66937130018164
"222",222,"a","a",2170,11,2008,0,NA,NA,"",4982.45663265306,8.51367834811592
"223",223,"d","c",2920,10,1995,1,27,2011,"Jan,Apr,Jul,Oct",7232.87595907928,8.88639201739755
"224",224,"d","c",7930,NA,NA,1,1,2013,"Jan,Apr,Jul,Oct",6629.74903474903,8.79932222948444
"225",225,"d","a",10180,5,2015,0,NA,NA,"",5197,8.55583681500844
"226",226,"a","a",450,NA,NA,0,NA,NA,"",7257.29065300896,8.88976184987599
"227",227,"a","a",2370,NA,NA,0,NA,NA,"",6028.29726205997,8.70421987207729
"228",228,"d","c",10800,NA,NA,1,18,2011,"Feb,May,Aug,Nov",7946.13992297818,8.98044154545411
"229",229,"d","c",17410,4,2007,1,14,2011,"Jan,Apr,Jul,Oct",8645.36328626444,9.06477841993711
"230",230,"d","c",6680,9,2013,0,NA,NA,"",7561.64030612245,8.93084341734794
"231",231,"d","c",3840,10,2008,1,39,2010,"Feb,May,Aug,Nov",4770.27974276527,8.47016022844479
"232",232,"c","c",13570,5,2010,1,10,2013,"Mar,Jun,Sept,Dec",3376.75947712418,8.12467179401847
"233",233,"a","a",1890,NA,NA,0,NA,NA,"",9431.08962868118,9.15176691812307
"234",234,"d","a",4370,NA,NA,0,NA,NA,"",11072.3157894737,9.31220319889885
"235",235,"a","a",5710,3,2012,1,37,2009,"Jan,Apr,Jul,Oct",5935.44814340589,8.68869781277037
"236",236,"a","a",1000,11,2007,0,NA,NA,"",7119.5637755102,8.87060173504457
"237",237,"a","a",1420,11,2007,0,NA,NA,"",4535.99107142857,8.41979887702571
"238",238,"a","a",320,NA,NA,1,45,2009,"Feb,May,Aug,Nov",7671.73333333333,8.94529785753027
"239",239,"d","c",610,NA,NA,0,NA,NA,"",5071.21052631579,8.53133483067292
"240",240,"a","a",1110,5,2009,0,NA,NA,"",4812.03571428571,8.47887549898841
"241",241,"d","c",780,NA,NA,0,NA,NA,"",6583.22721437741,8.79228036219616
"242",242,"d","a",6880,9,2001,1,14,2011,"Jan,Apr,Jul,Oct",4093.0947503201,8.31705662558192
"243",243,"a","a",310,NA,NA,1,5,2013,"Feb,May,Aug,Nov",7074.07062600321,8.86419135360069
"244",244,"d","a",710,3,2012,1,1,2012,"Jan,Apr,Jul,Oct",5271.09884467266,8.56999412922589
"245",245,"a","c",1310,NA,NA,0,NA,NA,"",8897.66325224072,9.09354396531838
"246",246,"c","a",4660,4,2013,0,NA,NA,"",7081.05484693878,8.86517816527052
"247",247,"d","c",70,11,2010,1,5,2013,"Feb,May,Aug,Nov",8576.71062740077,9.05680574221453
"248",248,"a","c",340,9,2012,1,40,2012,"Jan,Apr,Jul,Oct",8362.17091836735,9.03147335159847
"249",249,"d","c",18010,9,2014,0,NA,NA,"",5285.82397959184,8.57278379525146
"250",250,"d","a",3520,NA,NA,1,18,2012,"Feb,May,Aug,Nov",8470.62355953905,9.04435940471659
"251",251,"a","c",340,NA,NA,0,NA,NA,"",19123.0680359435,9.85865063586366
"252",252,"d","c",22330,NA,NA,1,5,2010,"Feb,May,Aug,Nov",10615.512195122,9.27007162498664
"253",253,"a","c",250,NA,NA,1,5,2013,"Feb,May,Aug,Nov",5746.72400513479,8.65638523319147
"254",254,"d","a",330,3,2008,1,1,2012,"Mar,Jun,Sept,Dec",3005.98331193838,8.00836001871347
"255",255,"c","c",4630,3,2011,1,35,2011,"Feb,May,Aug,Nov",6271.13093709884,8.7437119901048
"256",256,"a","c",80,9,2005,1,10,2014,"Mar,Jun,Sept,Dec",9832.87886597938,9.19348703557272
"257",257,"a","a",420,12,2012,0,NA,NA,"",5335.58545918367,8.58215389701834
"258",258,"a","a",27190,7,2010,1,37,2009,"Jan,Apr,Jul,Oct",5642.09646302251,8.63801098872569
"259",259,"b","b",210,NA,NA,0,NA,NA,"",11656.1450053706,9.36358878820351
"260",260,"a","a",540,10,2011,0,NA,NA,"",6559.99744897959,8.788745493063
"261",261,"d","c",15340,4,2015,1,39,2009,"Jan,Apr,Jul,Oct",12616.487804878,9.4427597934691
"262",262,"b","a",1180,5,2013,0,NA,NA,"",20718.5159235669,9.93878306849773
"263",263,"a","c",1140,5,2013,1,40,2014,"Jan,Apr,Jul,Oct",3707.51607717042,8.2181174103939
"264",264,"a","a",180,3,2014,0,NA,NA,"",7234.24015748032,8.8865806103962
"265",265,"a","a",4580,NA,NA,1,14,2015,"Jan,Apr,Jul,Oct",4954.82926829268,8.50811798972094
"266",266,"a","c",360,3,2014,1,9,2011,"Mar,Jun,Sept,Dec",4389.75769230769,8.38702930917179
"267",267,"c","a",2460,1,2012,0,NA,NA,"",9289.16071428571,9.13660348480806
"268",268,"a","a",4520,2,2014,0,NA,NA,"",4881.17346938776,8.49314093497858
"269",269,"a","c",60,6,2015,0,NA,NA,"",9346.70603337612,9.14277926431635
"270",270,"a","a",1450,7,2014,0,NA,NA,"",9291.6237244898,9.13686859850406
"271",271,"a","a",420,NA,NA,1,14,2011,"Jan,Apr,Jul,Oct",7841.69102564103,8.96720978213232
"272",272,"a","a",16180,7,2003,1,14,2011,"Jan,Apr,Jul,Oct",6237.31498079385,8.73830507722206
"273",273,"a","c",8480,NA,NA,0,NA,NA,"",7059.64826700899,8.86215050870923
"274",274,"b","b",3640,NA,NA,1,10,2013,"Jan,Apr,Jul,Oct",4070.82832618026,8.31160177767527
"275",275,"d","a",300,5,2014,1,40,2014,"Jan,Apr,Jul,Oct",7443.8424437299,8.91514245199945
"276",276,"a","a",2960,10,2014,1,36,2013,"Mar,Jun,Sept,Dec",4091.19487179487,8.31659235106402
"277",277,"d","c",7840,NA,NA,1,31,2009,"Feb,May,Aug,Nov",6444.5192926045,8.77098532649456
"278",278,"a","c",9260,2,2010,0,NA,NA,"",7142.16709183673,8.87377152354534
"279",279,"d","c",2320,NA,NA,1,40,2012,"Jan,Apr,Jul,Oct",8881.08988764045,9.09167956354953
"280",280,"d","c",18640,9,2013,1,10,2014,"Mar,Jun,Sept,Dec",6267.48906048906,8.74313108459639
"281",281,"d","c",6970,9,2011,0,NA,NA,"",5860.61734693878,8.67601022632917
"282",282,"a","a",1220,12,2010,0,NA,NA,"",4408.58418367347,8.39130887010828
"283",283,"a","a",2260,NA,NA,1,40,2014,"Jan,Apr,Jul,Oct",7114.15916398714,8.86984232560464
"284",284,"d","a",1290,NA,NA,1,40,2014,"Jan,Apr,Jul,Oct",5413.25080385852,8.59660507933871
"285",285,"a","a",2410,NA,NA,0,NA,NA,"",5154.92445582586,8.54770774179972
"286",286,"a","a",1460,4,2015,0,NA,NA,"",4927.82028241335,8.50265203588224
"287",287,"c","a",2740,5,2009,1,40,2014,"Jan,Apr,Jul,Oct",8152.40032154341,9.00606768085379
"288",288,"d","a",800,NA,NA,1,14,2011,"Mar,Jun,Sept,Dec",5625.73311897106,8.63510655084163
"289",289,"d","a",6540,12,2007,0,NA,NA,"",6321.22791293214,8.75166875828995
"290",290,"a","a",4150,5,2001,0,NA,NA,"",7014.15789473684,8.85568594181499
"291",291,"d","a",NA,NA,NA,0,NA,NA,"",8023.03974358974,8.9900726494482
"292",292,"a","a",1100,6,2009,0,NA,NA,"",5774.09007832898,8.66113596078165
"293",293,"c","c",140,11,2007,0,NA,NA,"",6257.7650063857,8.74157837261065
"294",294,"a","a",3150,5,2005,0,NA,NA,"",5770.28040973111,8.66047595619498
"295",295,"a","a",210,11,2000,1,36,2013,"Mar,Jun,Sept,Dec",5285.43114543115,8.57270947405569
"296",296,"a","a",9580,5,2007,1,45,2014,"Feb,May,Aug,Nov",6963.4609475032,8.8484318923067
"297",297,"a","a",2300,9,2010,0,NA,NA,"",6992.07078507078,8.85253204100706
"298",298,"d","a",19840,7,2009,0,NA,NA,"",8398.61736334405,9.0358223716815
"299",299,"d","c",38630,9,2012,0,NA,NA,"",6235.30612244898,8.73798295433456
"300",300,"a","c",120,4,2009,1,1,2012,"Jan,Apr,Jul,Oct",7077.59590792839,8.8646895679968
"301",301,"a","c",4510,3,2015,0,NA,NA,"",5538.44132653061,8.61946839115358
"302",302,"d","c",2190,12,2007,1,9,2011,"Mar,Jun,Sept,Dec",3742.28425096031,8.22745146625805
"303",303,"a","a",15430,11,2012,1,18,2011,"Feb,May,Aug,Nov",6188.15404699739,8.73039210585585
"304",304,"a","a",1950,7,2015,0,NA,NA,"",7067.70280612245,8.86329078475171
"305",305,"c","c",2470,2,2005,1,31,2013,"Mar,Jun,Sept,Dec",5347.34186939821,8.58435486957931
"306",306,"a","a",5100,4,2007,1,40,2014,"Jan,Apr,Jul,Oct",4368.86655948553,8.38225888590902
"307",307,"a","a",18660,9,2002,0,NA,NA,"",2703.73657289003,7.90239001114861
"308",308,"a","a",1070,12,2006,1,13,2010,"Jan,Apr,Jul,Oct",9353.16276041667,9.14346982823082
"309",309,"d","a",8740,NA,NA,1,37,2009,"Feb,May,Aug,Nov",6971.31964056483,8.84955981733503
"310",310,"a","c",2290,NA,NA,1,10,2014,"Mar,Jun,Sept,Dec",8236.36343366778,9.01631419462283
"311",311,"a","c",680,7,2005,0,NA,NA,"",6638.58770806658,8.8006545252795
"312",312,"d","a",11300,3,2012,0,NA,NA,"",5568.15749039693,8.62481948652749
"313",313,"d","c",14160,NA,NA,0,NA,NA,"",7075.49488491049,8.86439266846241
"314",314,"a","a",3560,10,2001,1,31,2013,"Feb,May,Aug,Nov",5137.71501925546,8.54436371082512
"315",315,"a","c",38710,4,2013,0,NA,NA,"",4252.41071428571,8.35524132799685
"316",316,"d","a",9000,8,2001,0,NA,NA,"",9855.62516046213,9.19579765344113
"317",317,"d","a",3140,7,2013,1,14,2011,"Jan,Apr,Jul,Oct",5379.48553054662,8.5903480222909
"318",318,"d","c",32330,3,2014,0,NA,NA,"",7527.71666666667,8.9263470432916
"319",319,"a","c",570,9,2012,1,27,2012,"Mar,Jun,Sept,Dec",7787.07653061224,8.96022078352564
"320",320,"a","c",210,9,2012,0,NA,NA,"",14834.4617346939,9.60470824859473
"321",321,"c","c",8140,11,2013,1,10,2014,"Mar,Jun,Sept,Dec",5958.31794871795,8.69254349685741
"322",322,"a","a",17500,4,2001,1,37,2009,"Jan,Apr,Jul,Oct",5021.1726342711,8.52141877789158
"323",323,"d","c",8400,4,2012,1,5,2013,"Feb,May,Aug,Nov",7365.3594351733,8.9045431308523
"324",324,"a","a",13140,NA,NA,1,14,2011,"Jan,Apr,Jul,Oct",5687.9858974359,8.64611149212626
"325",325,"a","c",350,3,2011,1,22,2011,"Feb,May,Aug,Nov",6484.64569961489,8.77719246142844
"326",326,"d","a",10070,5,2015,1,31,2013,"Feb,May,Aug,Nov",5008.90372272144,8.51897235231473
"327",327,"c","c",1390,12,2004,0,NA,NA,"",7738.18918918919,8.95392298432694
"328",328,"a","a",3130,7,2002,0,NA,NA,"",4432.02952503209,8.39661289019015
"329",329,"a","a",1310,6,1990,1,22,2012,"Mar,Jun,Sept,Dec",6912.7163029525,8.84111793690739
"330",330,"a","c",370,NA,NA,1,22,2012,"Mar,Jun,Sept,Dec",4166.63799743261,8.33486475398244
"331",331,"a","c",670,NA,NA,1,14,2015,"Jan,Apr,Jul,Oct",6160.85622593068,8.7259710445843
"332",332,"a","a",1840,3,2006,0,NA,NA,"",3728.56666666667,8.22377916711545
"333",333,"a","c",3720,2,2010,0,NA,NA,"",9773.19005102041,9.18739820668822
"334",334,"d","c",4040,8,2008,1,18,2013,"Mar,Jun,Sept,Dec",5428.38510911425,8.59939696705893
"335",335,"b","a",90,NA,NA,1,31,2013,"Jan,Apr,Jul,Oct",13313.9394904459,9.49656684734379
"336",336,"a","a",190,7,2014,0,NA,NA,"",13910.6615384615,9.54041084226696
"337",337,"d","c",10600,7,2005,1,45,2014,"Feb,May,Aug,Nov",5049.65300896287,8.52707480881223
"338",338,"a","c",1590,NA,NA,1,37,2009,"Jan,Apr,Jul,Oct",7217.95390524968,8.8843267990989
"339",339,"a","c",2280,NA,NA,1,10,2013,"Mar,Jun,Sept,Dec",5147.25596816976,8.54621902994324
"340",340,"a","c",8080,NA,NA,0,NA,NA,"",6485.64285714286,8.77734622169762
"341",341,"a","a",190,9,2011,0,NA,NA,"",5511.53401797176,8.61459826956463
"342",342,"d","c",15770,NA,NA,1,40,2014,"Jan,Apr,Jul,Oct",11104.1384863124,9.31507315441885
"343",343,"d","a",18650,4,2004,1,14,2014,"Jan,Apr,Jul,Oct",7199.36585365854,8.88174822524448
"344",344,"a","c",300,4,2011,1,14,2011,"Jan,Apr,Jul,Oct",8481.10841836735,9.04559642995731
"345",345,"a","a",120,NA,NA,1,22,2012,"Jan,Apr,Jul,Oct",4559.58520900322,8.42498693543316
"346",346,"a","c",8090,NA,NA,0,NA,NA,"",6830.50064184852,8.82915325029555
"347",347,"d","c",9360,7,2013,1,22,2012,"Mar,Jun,Sept,Dec",4804.19047619048,8.47724383191229
"348",348,"a","a",16490,NA,NA,1,22,2012,"Jan,Apr,Jul,Oct",8802.97487437186,9.08284499724484
"349",349,"c","c",1490,4,2009,0,NA,NA,"",8159.21571428571,9.00690332989358
"350",350,"d","a",8880,NA,NA,1,14,2011,"Jan,Apr,Jul,Oct",7013.13316261204,8.85553983632357
"351",351,"a","a",5290,11,2012,1,5,2013,"Feb,May,Aug,Nov",6046.86777920411,8.70729569451475
"352",352,"d","c",6360,NA,NA,1,40,2012,"Mar,Jun,Sept,Dec",6692.23214285714,8.8087027511131
"353",353,"b","b",900,NA,NA,1,14,2013,"Feb,May,Aug,Nov",5651.3688172043,8.63965306332994
"354",354,"d","c",1500,10,2005,0,NA,NA,"",8390.58151476252,9.03486510751976
"355",355,"a","c",9720,8,2013,0,NA,NA,"",9148.8112244898,9.12137922900834
"356",356,"d","c",8970,12,2007,1,22,2012,"Feb,May,Aug,Nov",5719.28185328185,8.65159852636622
"357",357,"a","a",2060,10,2008,0,NA,NA,"",7805.63363754889,8.96260101319679
"358",358,"a","a",2890,10,2003,0,NA,NA,"",10306.1116816431,9.24049236539487
"359",359,"d","c",4370,NA,NA,0,NA,NA,"",6851.25545571245,8.83218719266907
"360",360,"a","a",2040,6,2007,0,NA,NA,"",6935.45918367347,8.84440254305496
"361",361,"c","c",4490,5,2014,1,5,2013,"Feb,May,Aug,Nov",6266.88333333333,8.74303443402033
"362",362,"c","c",340,NA,NA,0,NA,NA,"",9376.65556978233,9.14597842935782
"363",363,"a","a",250,9,2009,0,NA,NA,"",7134.20025510204,8.8726554360466
"364",364,"a","c",13620,NA,NA,1,10,2014,"Mar,Jun,Sept,Dec",4564.95578673602,8.42616410771076
"365",365,"c","a",2410,NA,NA,1,45,2009,"Feb,May,Aug,Nov",5440.59420289855,8.60164356235899
"366",366,"d","c",6470,12,2004,0,NA,NA,"",6196.76282051282,8.73178230895434
"367",367,"d","c",2640,9,2012,0,NA,NA,"",5254.23852040816,8.56679036708488
"368",368,"d","c",1450,4,2005,1,45,2009,"Feb,May,Aug,Nov",9686.26898326898,9.17846459289237
"369",369,"d","c",5870,4,2014,0,NA,NA,"",6856.5595390525,8.83296106999478
"370",370,"d","a",8250,10,2000,1,31,2009,"Jan,Apr,Jul,Oct",7649.6431322208,8.94241427634956
"371",371,"d","c",1970,7,2009,1,45,2014,"Feb,May,Aug,Nov",6889.75672215109,8.83779105455285
"372",372,"d","c",4880,8,2010,1,18,2014,"Jan,Apr,Jul,Oct",8786.20667522465,9.08093834750338
"373",373,"d","c",11120,NA,NA,1,22,2012,"Jan,Apr,Jul,Oct",4530.50321750322,8.41858829784909
"374",374,"a","a",1150,9,2007,0,NA,NA,"",7009.67346938776,8.85504639825724
"375",375,"a","c",15710,2,2013,1,37,2009,"Jan,Apr,Jul,Oct",9164.38461538462,9.12308001294415
"376",376,"a","a",160,8,2012,0,NA,NA,"",8460.12015503876,9.04311865522267
"377",377,"a","c",100,6,2010,1,18,2010,"Feb,May,Aug,Nov",7818.52678571429,8.964251425218
"378",378,"a","c",2140,8,2012,0,NA,NA,"",6324.80102695764,8.75223385491239
"379",379,"d","a",6630,NA,NA,0,NA,NA,"",3902.22066326531,8.26930107090785
"380",380,"a","a",2240,5,2013,1,10,2014,"Mar,Jun,Sept,Dec",14456.5802310655,9.57890496919937
"381",381,"a","a",1800,11,2006,1,5,2013,"Feb,May,Aug,Nov",9001.55512820513,9.10515263341433
"382",382,"c","c",26130,11,2002,0,NA,NA,"",7985.84743589744,8.98542618349596
"383",383,"a","c",350,NA,NA,0,NA,NA,"",17294.7166666667,9.75815633885296
"384",384,"a","c",130,NA,NA,1,14,2011,"Jan,Apr,Jul,Oct",8871.57544757033,9.09060767481604
"385",385,"d","a",4580,9,2007,0,NA,NA,"",7348.5192926045,8.90225411512323
"386",386,"d","c",1460,4,2014,1,31,2013,"Jan,Apr,Jul,Oct",8029.54172015404,8.99088273434757
"387",387,"c","a",210,NA,NA,1,36,2013,"Mar,Jun,Sept,Dec",9374.82875816994,9.14578358487658
"388",388,"a","a",2260,NA,NA,0,NA,NA,"",10257.9204107831,9.23580540917307
"389",389,"a","c",6690,8,2011,0,NA,NA,"",10337.4017857143,9.24352383850948
"390",390,"a","c",1600,4,2009,0,NA,NA,"",11568.6564102564,9.35605468641389
"391",391,"a","a",460,11,2014,1,31,2013,"Feb,May,Aug,Nov",5727.01303780965,8.65294938894263
"392",392,"a","a",2120,NA,NA,0,NA,NA,"",7279.42875481386,8.89280767036663
"393",393,"d","c",4820,3,2008,0,NA,NA,"",5903.06675224647,8.68322728336691
"394",394,"d","a",10850,NA,NA,0,NA,NA,"",8353.24583866837,9.03040546550543
"395",395,"a","a",3620,2,2013,0,NA,NA,"",3989.13478818999,8.29132964130445
"396",396,"a","c",23130,NA,NA,0,NA,NA,"",10222.0923076923,9.2323065695841
"397",397,"a","c",130,NA,NA,1,27,2013,"Feb,May,Aug,Nov",5574.88318356868,8.62602664248882
"398",398,"c","c",1540,NA,NA,1,1,2012,"Jan,Apr,Jul,Oct",5496.52295918367,8.61187098206535
"399",399,"a","a",5360,9,2012,1,40,2011,"Jan,Apr,Jul,Oct",5558.84887459807,8.62314632886673
"400",400,"a","a",70,11,2004,1,14,2011,"Jan,Apr,Jul,Oct",8745.71867007673,9.0763195647595
"401",401,"a","c",9200,10,2009,1,14,2012,"Jan,Apr,Jul,Oct",7026.53205128205,8.85744855601649
"402",402,"c","c",5830,9,2011,1,13,2010,"Jan,Apr,Jul,Oct",5857.99102564103,8.67556199540307
"403",403,"a","a",4970,7,2015,0,NA,NA,"",7468.52374839538,8.9184526345532
"404",404,"a","c",1420,NA,NA,1,10,2013,"Mar,Jun,Sept,Dec",4785.22397891963,8.47328811134322
"405",405,"a","a",1080,4,2008,1,14,2011,"Jan,Apr,Jul,Oct",4520.69961489089,8.41642204290428
"406",406,"d","c",8240,3,2001,1,10,2013,"Feb,May,Aug,Nov",6111.05905006418,8.7178553677617
"407",407,"a","a",5890,10,2003,1,14,2011,"Feb,May,Aug,Nov",3886.74437299035,8.26532716408721
"408",408,"c","a",1560,NA,NA,1,45,2009,"Feb,May,Aug,Nov",4727.77477477477,8.46120992148233
"409",409,"d","c",840,NA,NA,1,1,2013,"Jan,Apr,Jul,Oct",5527.35851472471,8.61746531579156
"410",410,"c","a",40,11,2011,1,22,2012,"Mar,Jun,Sept,Dec",6443.87804878049,8.77088581934754
"411",411,"d","c",8460,NA,NA,0,NA,NA,"",9133.36491677337,9.11968946174295
"412",412,"d","c",4460,NA,NA,1,39,2010,"Jan,Apr,Jul,Oct",9102.12218649518,9.11626287262351
"413",413,"a","c",760,9,2014,0,NA,NA,"",7058.21704180064,8.86194775493847
"414",414,"d","c",6210,NA,NA,1,1,2013,"Jan,Apr,Jul,Oct",6427.97695262484,8.76841514138502
"415",415,"d","c",6910,4,2005,0,NA,NA,"",6234.83461538462,8.7379073325634
"416",416,"a","c",4650,6,2014,0,NA,NA,"",11012.006377551,9.3067414454079
"417",417,"a","c",840,NA,NA,1,10,2014,"Jan,Apr,Jul,Oct",7633.2811296534,8.9402730619408
"418",418,"a","a",1060,5,2009,1,27,2011,"Feb,May,Aug,Nov",5275.85180412371,8.5708954247626
"419",419,"c","a",1620,9,2009,0,NA,NA,"",5311.15816326531,8.5775652002963
"420",420,"d","c",250,NA,NA,1,27,2012,"Jan,Apr,Jul,Oct",4540.34083601286,8.42075736222912
"421",421,"c","c",3530,6,2012,1,35,2012,"Mar,Jun,Sept,Dec",9588.2512755102,9.1682938025023
"422",422,"a","c",2880,NA,NA,0,NA,NA,"",4559.05994897959,8.42487172971672
"423",423,"b","a",1270,5,2014,0,NA,NA,"",10828.4033970276,9.28992790502986
"424",424,"d","c",1250,NA,NA,1,40,2011,"Jan,Apr,Jul,Oct",6925.75609756098,8.84300250885874
"425",425,"d","c",1460,NA,NA,0,NA,NA,"",3237.65979381443,8.08260606195253
"426",426,"a","a",250,NA,NA,0,NA,NA,"",5068.39666238768,8.53077980641054
"427",427,"a","c",70,7,2005,1,13,2010,"Jan,Apr,Jul,Oct",7643.24398073836,8.94157739685014
"428",428,"d","a",2960,12,2014,1,23,2015,"Mar,Jun,Sept,Dec",6287.50482315113,8.74631958150927
"429",429,"d","c",16350,7,2005,1,31,2013,"Jan,Apr,Jul,Oct",5321.14469453376,8.57944372733579
"430",430,"d","c",12870,10,2008,0,NA,NA,"",8632.47106109325,9.06328607693802
"431",431,"d","c",4520,NA,NA,0,NA,NA,"",9524.92682926829,9.16166751799881
"432",432,"a","a",810,5,2013,0,NA,NA,"",10982.8711734694,9.30409217208916
"433",433,"a","c",30030,11,2010,0,NA,NA,"",5360.86542923434,8.58688070170952
"434",434,"a","a",13020,8,2003,1,40,2014,"Jan,Apr,Jul,Oct",9904.8231511254,9.200777104468
"435",435,"a","a",910,NA,NA,0,NA,NA,"",3277.6919127086,8.09489476852577
"436",436,"d","a",2300,NA,NA,0,NA,NA,"",5509.48461538462,8.61422636154434
"437",437,"c","c",430,NA,NA,1,50,2010,"Jan,Apr,Jul,Oct",7366.71794871795,8.90472756017793
"438",438,"d","c",1110,NA,NA,1,40,2012,"Jan,Apr,Jul,Oct",5153.72307692308,8.5474746600294
"439",439,"a","a",1350,9,2009,0,NA,NA,"",7294.94260204082,8.89493659280267
"440",440,"d","a",3900,4,2005,1,45,2009,"Feb,May,Aug,Nov",5156.07850707851,8.54793159029663
"441",441,"d","a",2530,NA,NA,0,NA,NA,"",6328.35173299101,8.75279509149807
"442",442,"c","a",500,NA,NA,1,45,2009,"Feb,May,Aug,Nov",4379.13384813385,8.38460623224746
"443",443,"d","a",11400,12,2005,0,NA,NA,"",5251.09615384615,8.56619212500061
"444",444,"c","a",1700,11,2009,0,NA,NA,"",12188.7065637066,9.40826511050492
"445",445,"a","a",240,NA,NA,0,NA,NA,"",8600.15077319588,9.05953501385488
"446",446,"a","a",340,10,2000,1,31,2013,"Feb,May,Aug,Nov",4932.16559691913,8.50353343973824
"447",447,"a","c",1510,9,2013,0,NA,NA,"",5307.62244897959,8.57689926424479
"448",448,"a","c",3970,9,2009,0,NA,NA,"",8484.06546854942,9.04594503236265
"449",449,"a","c",120,12,2014,1,37,2009,"Jan,Apr,Jul,Oct",11253.7464788732,9.32845637253789
"450",450,"c","a",5780,11,1994,1,10,2014,"Mar,Jun,Sept,Dec",8790.51351351351,9.08142840916777
"451",451,"a","a",2460,4,2009,1,13,2010,"Jan,Apr,Jul,Oct",5439.32394366197,8.60141005706507
"452",452,"a","c",1850,8,2013,1,5,2011,"Feb,May,Aug,Nov",5149.84183673469,8.54672128187253
"453",453,"a","c",75860,NA,NA,0,NA,NA,"",7775.44644870349,8.95872615645402
"454",454,"a","a",26450,NA,NA,0,NA,NA,"",5794.12307692308,8.66459942023746
"455",455,"d","c",7660,9,2010,0,NA,NA,"",7371.39124839125,8.90536173919878
"456",456,"a","c",140,NA,NA,0,NA,NA,"",6190.56097560976,8.73078098768054
"457",457,"d","c",13140,NA,NA,1,31,2013,"Jan,Apr,Jul,Oct",4840.55305466238,8.48478426067487
"458",458,"c","a",3390,NA,NA,0,NA,NA,"",7582.11779769526,8.93354783244929
"459",459,"a","a",250,9,2008,1,5,2013,"Feb,May,Aug,Nov",9176.75,9.12442839042985
"460",460,"a","a",34050,4,2008,0,NA,NA,"",3736.00897435897,8.22577320147619
"461",461,"d","c",1790,7,2013,1,40,2013,"Jan,Apr,Jul,Oct",4838.66537966538,8.48439421368218
"462",462,"a","a",44320,8,2008,0,NA,NA,"",4832.58846153846,8.48313751645834
"463",463,"a","a",4160,NA,NA,0,NA,NA,"",6094.67137355584,8.71517012307963
"464",464,"c","a",520,3,2009,0,NA,NA,"",10642.6836734694,9.2726279560424
"465",465,"d","c",10890,4,2005,0,NA,NA,"",7762.8066581306,8.95709923053461
"466",466,"a","c",3110,3,2003,0,NA,NA,"",7712.36585365854,8.95058027469558
"467",467,"a","c",20390,4,2008,0,NA,NA,"",13480.1476251605,9.50897333582773
"468",468,"c","c",5260,9,2012,0,NA,NA,"",6669.66071428571,8.80532427019245
"469",469,"c","c",710,9,2005,0,NA,NA,"",11901.4566326531,9.3844160777139
"470",470,"a","c",50,NA,NA,0,NA,NA,"",13111.7422680412,9.48126346404082
"471",471,"d","a",5300,NA,NA,1,45,2009,"Feb,May,Aug,Nov",7109.75241157556,8.86922269962776
"472",472,"c","c",5030,8,2011,0,NA,NA,"",5204.65178571429,8.55730807885234
"473",473,"a","a",50,NA,NA,0,NA,NA,"",3552.30166880616,8.17535102978679
"474",474,"c","a",14810,NA,NA,1,14,2011,"Mar,Jun,Sept,Dec",7526.81841432225,8.9262277101683
"475",475,"a","a",140,9,2005,0,NA,NA,"",6473.81443298969,8.77552077065087
"476",476,"d","a",8300,9,2006,0,NA,NA,"",5851.60384615385,8.67447106438614
"477",477,"d","a",770,7,2010,1,35,2010,"Jan,Apr,Jul,Oct",6213.68810289389,8.73450989604668
"478",478,"d","c",1940,3,2012,0,NA,NA,"",6806.94897959184,8.8256992781344
"479",479,"a","a",320,12,2005,1,9,2011,"Feb,May,Aug,Nov",11230.8797953964,9.32642238797605
"480",480,"a","a",300,11,2012,0,NA,NA,"",4935.89030612245,8.50428834210539
"481",481,"c","c",7470,NA,NA,1,44,2012,"Feb,May,Aug,Nov",5155.37900128041,8.54779591485044
"482",482,"c","a",2550,10,2005,0,NA,NA,"",8334.61764705882,9.02817292095438
"483",483,"a","c",2310,9,2011,1,13,2010,"Jan,Apr,Jul,Oct",4948.42435897436,8.50682449357262
"484",484,"a","c",14300,3,2011,0,NA,NA,"",7717.66964285714,8.95126773771647
"485",485,"d","c",3270,NA,NA,1,22,2012,"Jan,Apr,Jul,Oct",4871.01125401929,8.49105684421638
"486",486,"a","a",2320,NA,NA,1,31,2013,"Jan,Apr,Jul,Oct",4266.7432605905,8.35860611277937
"487",487,"d","c",2180,9,2012,1,40,2012,"Jan,Apr,Jul,Oct",6999.29974489796,8.85356538659032
"488",488,"a","c",2890,4,2014,0,NA,NA,"",3686.31887755102,8.21238364494672
"489",489,"a","a",14960,11,2013,1,37,2009,"Jan,Apr,Jul,Oct",7306.36794871795,8.89650156862717
"490",490,"a","a",660,4,2013,1,40,2014,"Jan,Apr,Jul,Oct",8249.72829581994,9.01793554494639
"491",491,"d","c",4680,NA,NA,1,22,2012,"Mar,Jun,Sept,Dec",6746.46203346203,8.81677350326471
"492",492,"a","a",1740,3,2008,1,40,2012,"Jan,Apr,Jul,Oct",7859.12540716612,8.96943060787923
"493",493,"d","c",1150,NA,NA,1,14,2011,"Jan,Apr,Jul,Oct",8295.66880616175,9.0234888270008
"494",494,"b","a",1260,6,2011,0,NA,NA,"",7649.29617834395,8.94236891975721
"495",495,"d","a",5470,NA,NA,1,37,2009,"Jan,Apr,Jul,Oct",5154.71814671815,8.54766771924691
"496",496,"d","c",2780,6,2015,0,NA,NA,"",7728.90051020408,8.95272189475129
"497",497,"a","c",1610,NA,NA,0,NA,NA,"",9062.12291933419,9.1118586893962
"498",498,"a","a",990,NA,NA,1,40,2014,"Jan,Apr,Jul,Oct",6996.53376205788,8.85317012854803
"499",499,"c","c",450,NA,NA,1,5,2013,"Feb,May,Aug,Nov",5155.98841698842,8.54791411754539
"500",500,"d","c",10690,9,2007,1,5,2013,"Jan,Apr,Jul,Oct",5354.03697749196,8.58560613057344
"501",501,"a","c",1620,9,2006,0,NA,NA,"",5378.18006430868,8.59010531791738
"502",502,"a","a",220,2,2002,1,37,2009,"Jan,Apr,Jul,Oct",10823.5245478036,9.2894772431471
"503",503,"d","c",13080,9,2006,1,14,2011,"Jan,Apr,Jul,Oct",6698.19871794872,8.80959392116558
"504",504,"c","c",820,NA,NA,0,NA,NA,"",6673.15816326531,8.80584851459564
"505",505,"a","a",350,NA,NA,1,5,2013,"Feb,May,Aug,Nov",4776.28056628057,8.47141739838064
"506",506,"a","a",1850,12,2014,1,18,2011,"Feb,May,Aug,Nov",7581.34403080873,8.93344577568997
"507",507,"a","c",9070,4,2011,1,37,2009,"Jan,Apr,Jul,Oct",8455.7702182285,9.04260435336682
"508",508,"a","c",1280,NA,NA,1,40,2011,"Jan,Apr,Jul,Oct",6767.69974226804,8.81991653597984
"509",509,"a","a",4740,7,2008,1,37,2009,"Jan,Apr,Jul,Oct",6125.06274007682,8.72014427863832
"510",510,"a","c",8260,NA,NA,0,NA,NA,"",8196.73940949936,9.0114917211875
"511",511,"a","a",2060,9,2009,0,NA,NA,"",5662.32015306122,8.64158900823811
"512",512,"b","b",590,NA,NA,1,5,2013,"Mar,Jun,Sept,Dec",5510.97852348993,8.61449747684968
"513",513,"a","a",400,8,2013,0,NA,NA,"",18179.0892857143,9.80802727218157
"514",514,"c","c",1200,7,2012,1,27,2012,"Jan,Apr,Jul,Oct",5756.00964630225,8.6579997438749
"515",515,"d","c",11260,NA,NA,1,9,2011,"Feb,May,Aug,Nov",9058.15275994865,9.11142048861832
"516",516,"a","c",20,NA,NA,1,35,2010,"Mar,Jun,Sept,Dec",5879.08472400513,8.67915636959373
"517",517,"a","c",22490,NA,NA,0,NA,NA,"",5962.43873517787,8.69323486012123
"518",518,"d","c",3330,3,2015,1,13,2010,"Jan,Apr,Jul,Oct",5865.12359550562,8.67677883426803
"519",519,"c","c",2510,8,2009,1,1,2012,"Jan,Apr,Jul,Oct",5306.32015306122,8.5766538708083
"520",520,"a","c",6900,NA,NA,1,40,2012,"Mar,Jun,Sept,Dec",3869.73214285714,8.26094056989644
"521",521,"d","a",18610,11,2002,1,48,2011,"Mar,Jun,Sept,Dec",5181.01412066752,8.55275609228251
"522",522,"d","c",7160,11,2012,1,9,2011,"Jan,Apr,Jul,Oct",8222.88924558587,9.01467691602282
"523",523,"c","c",50,11,2013,0,NA,NA,"",15530.6058673469,9.65056792808922
"524",524,"a","c",40860,9,2013,0,NA,NA,"",7710.81952326901,8.95037975445842
"525",525,"d","c",1870,9,2013,0,NA,NA,"",10233.0268199234,9.23337569200811
"526",526,"a","a",120,NA,NA,1,48,2011,"Mar,Jun,Sept,Dec",10630.2314578005,9.27145724511592
"527",527,"d","c",5830,4,2008,0,NA,NA,"",10734.6939820743,9.28123620334618
"528",528,"a","c",20620,NA,NA,1,37,2009,"Jan,Apr,Jul,Oct",10704.4441591784,9.27841427619869
"529",529,"d","c",12920,9,2012,0,NA,NA,"",7823.78316326531,8.96492349702402
"530",530,"a","c",18160,NA,NA,0,NA,NA,"",4634.3233995585,8.44124549098159
"531",531,"a","c",4030,NA,NA,0,NA,NA,"",4901.93494897959,8.49738529369801
"532",532,"a","c",1070,8,2010,0,NA,NA,"",10894.86521181,9.29604687573817
"533",533,"a","c",5950,NA,NA,0,NA,NA,"",9659.64864864865,9.17571255476959
"534",534,"d","a",1200,9,2009,1,45,2009,"Jan,Apr,Jul,Oct",7519.5569823435,8.9252625032861
"535",535,"a","a",3570,4,2007,0,NA,NA,"",8115.77150192555,9.00156454652344
"536",536,"a","c",4700,9,2002,1,31,2013,"Feb,May,Aug,Nov",8323.6136071887,9.02685176730935
"537",537,"a","a",600,5,2002,1,1,2012,"Jan,Apr,Jul,Oct",5580.17889317889,8.62697611457093
"538",538,"a","a",990,2,2010,0,NA,NA,"",3859.02423469388,8.25816964156296
"539",539,"a","a",770,5,2013,1,40,2014,"Jan,Apr,Jul,Oct",11310.963022508,9.33352771336399
"540",540,"d","c",810,NA,NA,1,48,2012,"Jan,Apr,Jul,Oct",5648.99035369775,8.63923210971144
"541",541,"a","c",650,7,1990,0,NA,NA,"",6720.81258023107,8.81296434588424
"542",542,"a","a",7280,9,2012,1,1,2013,"Jan,Apr,Jul,Oct",6246.64147909968,8.73979923495497
"543",543,"c","a",1080,12,2012,0,NA,NA,"",2790.38028169014,7.93393316720824
"544",544,"a","a",250,12,2001,1,13,2010,"Jan,Apr,Jul,Oct",14094.4987179487,9.55353983838571
"545",545,"a","c",5020,5,2006,1,18,2014,"Feb,May,Aug,Nov",10635.2567394095,9.27192986833115
"546",546,"a","a",580,1,2005,0,NA,NA,"",13681.5344387755,9.5238023514635
"547",547,"d","c",8990,11,2009,1,35,2010,"Mar,Jun,Sept,Dec",5752.49035369775,8.65738814501941
"548",548,"d","c",3760,2,2009,0,NA,NA,"",5073.0234375,8.53169225760333
"549",549,"a","c",2330,NA,NA,0,NA,NA,"",4642.71683673469,8.44305499902567
"550",550,"d","c",50,6,2015,0,NA,NA,"",5973.62740076825,8.69510962668838
"551",551,"a","c",2190,9,2013,0,NA,NA,"",6559.37882653061,8.788651186377
"552",552,"a","a",4260,7,2008,1,37,2009,"Jan,Apr,Jul,Oct",7721.86683738796,8.95181143209999
"553",553,"c","a",3040,9,2002,1,13,2010,"Jan,Apr,Jul,Oct",7038.59845559846,8.85916434632085
"554",554,"c","c",1200,NA,NA,0,NA,NA,"",4481.01403061224,8.40760464591542
"555",555,"d","a",1560,1,2014,1,10,2013,"Mar,Jun,Sept,Dec",5173.86035313002,8.55137437226384
"556",556,"d","c",1140,11,2014,0,NA,NA,"",7178.75351213282,8.87888104141855
"557",557,"a","a",250,NA,NA,0,NA,NA,"",4383.07969151671,8.38550688221033
"558",558,"a","a",3000,2,2010,0,NA,NA,"",3241.52423469388,8.0837989409696
"559",559,"d","a",3910,11,2006,1,5,2013,"Feb,May,Aug,Nov",5882.96153846154,8.6798155771007
"560",560,"c","c",1910,7,2013,0,NA,NA,"",13612.859437751,9.51877017186973
"561",561,"d","a",14300,NA,NA,0,NA,NA,"",6913.82670089859,8.84127855521207
"562",562,"b","c",1210,NA,NA,0,NA,NA,"",17969.5562632696,9.79643428627682
"563",563,"a","a",700,3,2015,1,10,2014,"Jan,Apr,Jul,Oct",5513.49226804124,8.61495350682924
"564",564,"d","c",6540,NA,NA,1,14,2013,"Jan,Apr,Jul,Oct",5528.11553273427,8.61760226478307
"565",565,"a","c",160,7,2007,0,NA,NA,"",6636.41720154044,8.80032751876458
"566",566,"a","a",3620,NA,NA,1,40,2013,"Jan,Apr,Jul,Oct",4904.63903061224,8.49793677716345
"567",567,"c","a",1010,9,2012,1,18,2011,"Feb,May,Aug,Nov",5241.50449293967,8.56436385307812
"568",568,"d","c",4270,NA,NA,1,1,2013,"Jan,Apr,Jul,Oct",4877.49679897567,8.49238741621323
"569",569,"a","a",1340,9,2006,0,NA,NA,"",4519.55612244898,8.41616906500603
"570",570,"a","a",180,11,2006,0,NA,NA,"",4535.40436456996,8.4196695238598
"571",571,"d","a",2110,11,1995,1,40,2014,"Jan,Apr,Jul,Oct",7742.75080385852,8.9545123044591
"572",572,"d","c",9230,4,2004,1,37,2009,"Jan,Apr,Jul,Oct",6888.75,8.83764492519744
"573",573,"a","a",1190,11,2012,1,36,2013,"Jan,Apr,Jul,Oct",3974.77331189711,8.28772299700869
"574",574,"d","a",4400,NA,NA,0,NA,NA,"",8898.2175032175,9.09360625512405
"575",575,"a","a",960,5,2008,1,13,2010,"Jan,Apr,Jul,Oct",5367.56661316212,8.58812994013929
"576",576,"c","a",50,11,2006,0,NA,NA,"",6982.51785714286,8.85116485523
"577",577,"a","c",2270,NA,NA,1,35,2012,"Mar,Jun,Sept,Dec",4953.41709183673,8.50783293898357
"578",578,"d","a",12700,4,2013,0,NA,NA,"",8164.39178690344,9.00753751235488
"579",579,"c","a",20970,11,2012,0,NA,NA,"",8294.34788189987,9.02332958372944
"580",580,"a","c",170,2,2009,0,NA,NA,"",10197.6619897959,9.22991375631153
"581",581,"a","a",7250,12,2013,0,NA,NA,"",5333.7188703466,8.58180399813113
"582",582,"a","a",120,NA,NA,0,NA,NA,"",7023.0831202046,8.85695759151609
"583",583,"a","a",2640,11,2002,0,NA,NA,"",4311.90769230769,8.36913570519543
"584",584,"d","a",1360,NA,NA,1,35,2010,"Mar,Jun,Sept,Dec",4734.89628681178,8.46271510185585
"585",585,"d","c",440,4,2014,0,NA,NA,"",5675.1568877551,8.64385348738688
"586",586,"a","c",250,10,2008,0,NA,NA,"",15131.9600515464,9.62456434575118
"587",587,"d","c",330,9,2006,1,14,2011,"Jan,Apr,Jul,Oct",9663.28571428571,9.17608900542783
"588",588,"d","c",15720,3,2010,0,NA,NA,"",6154.61096938776,8.72495683099756
"589",589,"a","c",360,NA,NA,1,18,2013,"Feb,May,Aug,Nov",4678.80291005291,8.45079756774201
"590",590,"d","c",4520,9,2010,1,31,2013,"Jan,Apr,Jul,Oct",4984.16988416988,8.51402214579526
"591",591,"a","c",3340,NA,NA,1,22,2012,"Mar,Jun,Sept,Dec",5700.70527670528,8.64834517892369
"592",592,"a","a",2540,6,2005,0,NA,NA,"",4448.5109114249,8.40032469251421
"593",593,"a","c",33060,3,2010,0,NA,NA,"",9507.95663265306,9.15988426732676
"594",594,"a","a",1790,10,2011,0,NA,NA,"",4155.86607142857,8.33227612634582
"595",595,"c","c",1130,6,2015,0,NA,NA,"",15019.1096938776,9.61707864885276
"596",596,"c","a",290,9,2006,0,NA,NA,"",4505.81887755102,8.41312492434566
"597",597,"a","a",150,9,2008,1,1,2012,"Mar,Jun,Sept,Dec",5080.22464698331,8.53311076144188
"598",598,"c","a",550,12,2013,1,40,2014,"Jan,Apr,Jul,Oct",5892.29260450161,8.68140043767015
"599",599,"d","c",580,11,2014,0,NA,NA,"",9769.72704081633,9.18704380614258
"600",600,"d","c",17340,6,2010,1,9,2011,"Feb,May,Aug,Nov",6996.61734693878,8.85318207508963
"601",601,"d","a",8220,4,2014,1,14,2011,"Jan,Apr,Jul,Oct",4875.7695262484,8.49203322251284
"602",602,"a","a",2710,7,2001,1,22,2012,"Mar,Jun,Sept,Dec",6300.16773367478,8.74833153641802
"603",603,"a","a",340,4,2007,1,13,2010,"Jan,Apr,Jul,Oct",6933.31413612565,8.84409320818944
"604",604,"d","a",10950,3,2014,0,NA,NA,"",7963.98874598071,8.98268525207168
"605",605,"d","a",10310,4,2003,1,37,2009,"Jan,Apr,Jul,Oct",7026.735218509,8.85747746989439
"606",606,"a","a",2260,11,2007,0,NA,NA,"",5839.21045918367,8.6723508713373
"607",607,"a","a",350,8,1999,1,14,2011,"Jan,Apr,Jul,Oct",3901.9104859335,8.26922158035956
"608",608,"a","c",18370,2,2013,1,14,2011,"Jan,Apr,Jul,Oct",9326.9717948718,9.14066567469225
"609",609,"a","a",2070,9,2007,0,NA,NA,"",4638.04846938776,8.44204896825413
"610",610,"a","a",660,1,2007,0,NA,NA,"",4197.63029525032,8.34227542962546
"611",611,"a","a",8080,12,2002,1,40,2014,"Jan,Apr,Jul,Oct",5792.3038585209,8.66428539445069
"612",612,"d","c",2490,11,2012,1,31,2009,"Jan,Apr,Jul,Oct",6816.08828250401,8.82704102067058
"613",613,"c","a",250,6,2007,1,14,2011,"Jan,Apr,Jul,Oct",6728.37212276215,8.81408850968958
"614",614,"a","a",1160,12,2012,0,NA,NA,"",6590.61538461538,8.79340200471725
"615",615,"d","a",730,8,2007,0,NA,NA,"",9712.42125480154,9.18116088702929
"616",616,"a","c",3040,8,2011,1,35,2010,"Mar,Jun,Sept,Dec",8487.51219512195,9.04635120869914
"617",617,"a","c",8940,NA,NA,1,9,2011,"Jan,Apr,Jul,Oct",6359.16538461538,8.75765241888885
"618",618,"d","c",9910,NA,NA,0,NA,NA,"",6830.57874519846,8.82916468472877
"619",619,"a","a",1600,6,2006,1,45,2009,"Feb,May,Aug,Nov",4303.60289389068,8.36720783315439
"620",620,"d","c",5440,NA,NA,1,40,2014,"Jan,Apr,Jul,Oct",7773.76688102894,8.9585101239583
"621",621,"a","a",30,7,2002,0,NA,NA,"",5916.22464698331,8.68545379589259
"622",622,"a","c",NA,NA,NA,0,NA,NA,"",4317.96173469388,8.37053874922304
"623",623,"a","a",4080,3,2011,1,13,2010,"Jan,Apr,Jul,Oct",7146.07702349869,8.87431881707252
"624",624,"a","c",6920,9,2011,0,NA,NA,"",7019.06675224647,8.85638554690695
"625",625,"a","a",1170,4,2011,1,22,2012,"Feb,May,Aug,Nov",6300.19512195122,8.7483358836383
"626",626,"c","c",10740,11,2013,0,NA,NA,"",9382.52948717949,9.14660467378915
"627",627,"c","c",3970,3,2010,0,NA,NA,"",5991.25224071703,8.69805572447202
"628",628,"a","c",2180,NA,NA,0,NA,NA,"",6231.08290816327,8.73730541821132
"629",629,"d","a",510,7,2014,1,23,2015,"Mar,Jun,Sept,Dec",7652.73954983923,8.9428189738042
"630",630,"a","a",1690,4,2015,0,NA,NA,"",6935.85237483954,8.84445923432954
"631",631,"d","c",2870,NA,NA,1,35,2012,"Mar,Jun,Sept,Dec",5400.30739795918,8.59421115648017
"632",632,"a","a",3350,2,2010,0,NA,NA,"",7028.77423469388,8.85776760753842
"633",633,"d","a",11640,4,2005,1,22,2011,"Jan,Apr,Jul,Oct",7207.21704180064,8.88283816988664
"634",634,"d","a",18610,NA,NA,0,NA,NA,"",6713.28974358974,8.8118443845729
"635",635,"a","a",27530,4,2014,0,NA,NA,"",5909.24487179487,8.6842733309668
"636",636,"c","a",720,10,2004,1,13,2010,"Jan,Apr,Jul,Oct",5927.69983948636,8.68739153132931
"637",637,"d","c",9790,NA,NA,1,31,2009,"Feb,May,Aug,Nov",8707.26366559486,9.07191286039549
"638",638,"d","a",10170,11,2001,0,NA,NA,"",6009.60517799353,8.70111433119385
"639",639,"a","a",7780,11,2006,0,NA,NA,"",4734.69704749679,8.46267302205201
"640",640,"d","c",8040,NA,NA,0,NA,NA,"",11533.9781771502,9.35305258212833
"641",641,"a","c",610,12,2003,1,36,2013,"Mar,Jun,Sept,Dec",5764.29525032092,8.65943817897218
"642",642,"c","c",530,4,2005,1,35,2010,"Mar,Jun,Sept,Dec",3652.70988446727,8.2032246052093
"643",643,"a","a",230,6,2010,1,18,2010,"Feb,May,Aug,Nov",7994.43112244898,8.98650046857125
"644",644,"c","a",4030,12,2004,1,14,2011,"Jan,Apr,Jul,Oct",9353.05743243243,9.14345856695162
"645",645,"a","a",90,NA,NA,1,45,2009,"Feb,May,Aug,Nov",10730.2574002574,9.28082282417741
"646",646,"a","a",620,9,2014,0,NA,NA,"",5025.92604501608,8.5223650035138
"647",647,"a","c",7420,4,2013,0,NA,NA,"",5774.57525510204,8.66121998378506
"648",648,"d","a",2130,12,2008,0,NA,NA,"",6573.99617346939,8.79087717215362
"649",649,"a","a",14570,11,2002,0,NA,NA,"",3683.79230769231,8.21169801893805
"650",650,"a","a",1420,10,2012,1,40,2014,"Jan,Apr,Jul,Oct",6391.00803858521,8.76264728744721
"651",651,"a","a",200,NA,NA,0,NA,NA,"",7615.86521181001,8.93798887828544
"652",652,"a","a",20390,NA,NA,0,NA,NA,"",6637.63299232737,8.8005107018583
"653",653,"d","c",7520,7,2014,1,45,2009,"Feb,May,Aug,Nov",5915.50449293967,8.68533206321328
"654",654,"c","a",6930,9,2006,0,NA,NA,"",6475.15256410256,8.77572744831372
"655",655,"d","c",960,11,2012,1,5,2013,"Feb,May,Aug,Nov",8031.71116816431,8.99115288114602
"656",656,"d","a",410,4,2009,1,13,2010,"Jan,Apr,Jul,Oct",3245.19206145967,8.08492981427721
"657",657,"c","c",80,1,2006,1,10,2014,"Jan,Apr,Jul,Oct",6054.71520618557,8.70859262039476
"658",658,"d","c",520,NA,NA,1,37,2009,"Jan,Apr,Jul,Oct",6058.83055198973,8.70927208222115
"659",659,"d","a",1590,3,2012,0,NA,NA,"",5643.96670934699,8.63834241454053
"660",660,"a","a",1200,11,2006,1,40,2014,"Jan,Apr,Jul,Oct",4616.59967845659,8.4374137127605
"661",661,"d","c",2140,7,2013,0,NA,NA,"",7166.54036458333,8.87717830174584
"662",662,"d","a",1070,NA,NA,0,NA,NA,"",8439.52423469388,9.0406812157042
"663",663,"a","c",7860,5,2005,0,NA,NA,"",4792.55687830688,8.47481934304069
"664",664,"d","c",1680,10,2005,0,NA,NA,"",4946.35641025641,8.50640650578769
"665",665,"a","a",90,12,2012,1,14,2011,"Jan,Apr,Jul,Oct",8228.48771021992,9.01535752347169
"666",666,"c","c",2700,NA,NA,1,9,2011,"Mar,Jun,Sept,Dec",7016.61003861004,8.85603547990297
"667",667,"d","c",2870,9,2012,0,NA,NA,"",8786.50191570881,9.08097194966354
"668",668,"c","a",1270,9,2010,0,NA,NA,"",8940.85331632653,9.0983863128661
"669",669,"d","a",17080,7,2012,1,31,2013,"Jan,Apr,Jul,Oct",4514.2347266881,8.41499095573491
"670",670,"a","a",2060,NA,NA,1,45,2009,"Feb,May,Aug,Nov",6589.94847020934,8.79330080807438
"671",671,"a","c",2070,2,2008,1,39,2010,"Jan,Apr,Jul,Oct",5935.5,8.68870654949359
"672",672,"c","a",240,9,2002,0,NA,NA,"",8837.10512820513,9.08671462781537
"673",673,"d","c",15170,NA,NA,1,5,2013,"Feb,May,Aug,Nov",7126.01801801802,8.87150787465234
"674",674,"a","a",2640,12,2005,1,31,2013,"Feb,May,Aug,Nov",8204.34765100671,9.01241949408756
"675",675,"a","a",2100,8,2013,1,14,2011,"Jan,Apr,Jul,Oct",4278.1895006402,8.36128518521113
"676",676,"b","b",1410,9,2008,0,NA,NA,"",7687.46405228758,8.94734623597865
"677",677,"d","a",1740,6,2014,1,45,2009,"Feb,May,Aug,Nov",7938.98231511254,8.97954037412628
"678",678,"c","a",3250,NA,NA,1,40,2011,"Jan,Apr,Jul,Oct",7299.93709884467,8.89562101050274
"679",679,"a","a",4140,9,2012,0,NA,NA,"",9943.92474489796,9.20471706527152
"680",680,"c","a",170,NA,NA,1,35,2012,"Mar,Jun,Sept,Dec",5205.30612244898,8.55743379247027
"681",681,"a","c",620,NA,NA,1,1,2014,"Mar,Jun,Sept,Dec",3566.15665796345,8.17924372846304
"682",682,"b","a",150,9,2006,0,NA,NA,"",11207.4087048832,9.32433033010155
"683",683,"a","a",2850,7,2014,0,NA,NA,"",9147.08545918367,9.12119057847745
"684",684,"d","c",680,NA,NA,1,22,2012,"Jan,Apr,Jul,Oct",7721.36655948553,8.95174664283083
"685",685,"a","a",650,11,2013,1,37,2009,"Jan,Apr,Jul,Oct",6630.55070603338,8.79944314248052
"686",686,"a","a",20050,4,2002,0,NA,NA,"",6250.41025641026,8.74040238160181
"687",687,"d","c",2770,NA,NA,0,NA,NA,"",8372.46469833119,9.03270358827622
"688",688,"a","a",18760,8,2015,1,14,2011,"Jan,Apr,Jul,Oct",3615.83333333333,8.1930776290044
"689",689,"d","a",15040,10,2004,0,NA,NA,"",7046.11267605634,8.86023135026585
"690",690,"a","a",100,NA,NA,0,NA,NA,"",5589.98716302952,8.62873226972961
"691",691,"d","c",3030,NA,NA,1,37,2009,"Jan,Apr,Jul,Oct",8371.01155327343,9.03253001081362
"692",692,"a","a",40,8,2001,0,NA,NA,"",6588.41720154044,8.79306841678794
"693",693,"d","a",450,NA,NA,1,40,2011,"Jan,Apr,Jul,Oct",6607.93854033291,8.79602701436048
"694",694,"a","c",460,11,2012,1,40,2014,"Jan,Apr,Jul,Oct",8047.52250803859,8.99311956006729
"695",695,"a","a",550,7,2011,1,1,2012,"Jan,Apr,Jul,Oct",5393.12323491656,8.59287994597853
"696",696,"a","c",430,NA,NA,0,NA,NA,"",7850.13903061224,8.96828652152564
"697",697,"d","a",3780,NA,NA,1,40,2011,"Jan,Apr,Jul,Oct",10656.1732991014,9.27389465570174
"698",698,"a","a",1790,5,2011,0,NA,NA,"",15564.1198979592,9.6527235376188
"699",699,"a","a",180,NA,NA,1,5,2013,"Jan,Apr,Jul,Oct",8331.00522875817,9.02773940360143
"700",700,"a","c",830,NA,NA,1,27,2013,"Jan,Apr,Jul,Oct",4362.24470899471,8.38074204537021
"701",701,"d","a",1450,3,2012,1,14,2011,"Jan,Apr,Jul,Oct",5778.97427652733,8.66198148510997
"702",702,"a","a",8550,9,2001,1,45,2009,"Feb,May,Aug,Nov",4373.97106109325,8.38342658509531
"703",703,"a","a",80,6,2005,0,NA,NA,"",3290.53401797176,8.09880514608062
"704",704,"d","c",1910,4,2009,0,NA,NA,"",10393.8659003831,9.24897109384798
"705",705,"a","a",4140,9,2012,1,18,2011,"Feb,May,Aug,Nov",7967.26700898588,8.98309680318878
"706",706,"d","a",7830,9,2014,1,10,2014,"Mar,Jun,Sept,Dec",5743.2652733119,8.65578319051875
"707",707,"a","c",2900,7,1990,0,NA,NA,"",8319.73170731707,9.02638528657862
"708",708,"c","c",11470,10,2009,1,18,2014,"Jan,Apr,Jul,Oct",4578.64483260553,8.42915834524732
"709",709,"a","a",500,12,2010,0,NA,NA,"",9886.91581632653,9.19896752727876
"710",710,"d","a",1500,9,2008,1,14,2011,"Jan,Apr,Jul,Oct",4546.65273311897,8.42214657816137
"711",711,"d","a",17110,3,2007,1,5,2010,"Jan,Apr,Jul,Oct",6914.39165329053,8.84136026528893
"712",712,"a","a",4870,9,2007,1,45,2009,"Jan,Apr,Jul,Oct",6421.44212218649,8.76739800108261
"713",713,"a","c",220,NA,NA,1,10,2014,"Jan,Apr,Jul,Oct",10718.055198973,9.27968500016031
"714",714,"d","c",12070,10,2005,1,10,2013,"Jan,Apr,Jul,Oct",4553.94723294723,8.42374965958845
"715",715,"a","a",14810,6,2014,0,NA,NA,"",6491.09536082474,8.77818657216338
"716",716,"d","a",3200,1,2008,1,22,2011,"Jan,Apr,Jul,Oct",5717.08199356913,8.65121381322324
"717",717,"d","c",310,NA,NA,1,40,2011,"Jan,Apr,Jul,Oct",5552.8947368421,8.62207464497372
"718",718,"a","a",1100,6,2015,0,NA,NA,"",7911.31370038412,8.97604912793058
"719",719,"c","c",8190,NA,NA,1,45,2009,"Feb,May,Aug,Nov",5383.60450160772,8.59111341052975
"720",720,"a","c",15320,3,2011,1,14,2013,"Feb,May,Aug,Nov",7166.12882653061,8.8771208751706
"721",721,"a","c",3590,9,2012,1,22,2012,"Mar,Jun,Sept,Dec",7673.41326530612,8.94551681040487
"722",722,"a","a",50,NA,NA,0,NA,NA,"",9836.64668367347,9.19387014778665
"723",723,"d","c",5650,9,2008,1,5,2013,"Feb,May,Aug,Nov",7032.10371318822,8.85824118800315
"724",724,"d","c",5900,NA,NA,0,NA,NA,"",6812.90500641848,8.82657388768784
"725",725,"d","c",17540,6,2012,0,NA,NA,"",5747.42474489796,8.65650716301494
"726",726,"a","c",40540,2,2002,0,NA,NA,"",11048.6730769231,9.31006561619892
"727",727,"a","a",2050,3,2007,0,NA,NA,"",4529.29065300896,8.41832061747604
"728",728,"d","a",13990,NA,NA,1,14,2011,"Jan,Apr,Jul,Oct",5245.70785070785,8.56516546896145
"729",729,"c","c",8980,6,2011,0,NA,NA,"",10548.9139922978,9.26377819448693
"730",730,"c","a",1190,9,2013,0,NA,NA,"",8055.37244897959,8.99409453277671
"731",731,"a","a",15270,NA,NA,1,10,2014,"Jan,Apr,Jul,Oct",9249.2293814433,9.13229551692175
"732",732,"a","c",35280,NA,NA,0,NA,NA,"",5816.43941109853,8.66844356847404
"733",733,"b","b",860,10,1999,0,NA,NA,"",14933.2887473461,9.61134814406172
"734",734,"a","a",220,NA,NA,1,36,2013,"Mar,Jun,Sept,Dec",5980.52374839538,8.69626342645319
"735",735,"d","c",1920,4,2005,0,NA,NA,"",5518.54102564103,8.61586879738681
"736",736,"c","c",1650,NA,NA,1,14,2011,"Jan,Apr,Jul,Oct",5244.07556270096,8.56485425414304
"737",737,"a","a",100,5,2007,1,31,2013,"Jan,Apr,Jul,Oct",6117.90115532734,8.71897436821017
"738",738,"d","c",5980,10,2005,0,NA,NA,"",8508.60077021823,9.04883278621767
"739",739,"d","c",2770,6,2008,1,22,2011,"Jan,Apr,Jul,Oct",9557.66559485531,9.16509879158896
"740",740,"d","a",6400,3,2014,0,NA,NA,"",6978.17669654289,8.85054294337266
"741",741,"d","c",11900,NA,NA,0,NA,NA,"",7619.4681122449,8.93846184470179
"742",742,"d","c",4380,NA,NA,0,NA,NA,"",8025.88831835687,8.99042763574835
"743",743,"a","a",6710,11,2003,1,14,2012,"Jan,Apr,Jul,Oct",3816.58974358974,8.2471125655932
"744",744,"a","a",1370,12,2011,1,40,2014,"Jan,Apr,Jul,Oct",7457.06776859504,8.91691755541923
"745",745,"a","a",17650,11,2013,1,37,2009,"Jan,Apr,Jul,Oct",7499.0782051282,8.92253538598794
"746",746,"d","c",4330,2,2011,1,35,2011,"Mar,Jun,Sept,Dec",6039.54929577465,8.7060846682398
"747",747,"c","c",45740,8,2008,0,NA,NA,"",8027.14615384615,8.99058434574533
"748",748,"d","a",2380,3,2010,1,14,2011,"Jan,Apr,Jul,Oct",5737.67650834403,8.65480961787713
"749",749,"a","a",3410,8,2011,1,14,2015,"Jan,Apr,Jul,Oct",5189.86007702182,8.5544620156851
"750",750,"d","a",8670,2,2002,1,14,2011,"Jan,Apr,Jul,Oct",4997.35209003215,8.5166634691446
"751",751,"a","a",650,10,2006,0,NA,NA,"",4216.21566110398,8.34669324192621
"752",752,"a","a",970,3,2013,1,31,2013,"Feb,May,Aug,Nov",5251.65982028241,8.56629946186308
"753",753,"d","c",540,11,2012,1,35,2010,"Mar,Jun,Sept,Dec",8710.27984595635,9.0722591986021
"754",754,"c","c",380,5,2008,1,10,2014,"Mar,Jun,Sept,Dec",8086.95780051151,8.99800789489394
"755",755,"d","c",13130,12,2003,0,NA,NA,"",10483.2163892446,9.25753081815926
"756",756,"a","c",50,NA,NA,1,40,2011,"Jan,Apr,Jul,Oct",16574.8164313222,9.71563973995938
"757",757,"a","c",3450,NA,NA,0,NA,NA,"",6219.78764478765,8.73549104444104
"758",758,"a","c",19780,6,2008,0,NA,NA,"",4868.3669250646,8.49051382617743
"759",759,"a","a",110,11,2012,1,31,2013,"Feb,May,Aug,Nov",7010.13735558408,8.8551125740712
"760",760,"a","a",560,1,2011,0,NA,NA,"",7638.36422136422,8.94093875208508
"761",761,"a","a",2390,9,2012,0,NA,NA,"",8729.47831632653,9.07446088946809
"762",762,"d","c",1280,NA,NA,1,10,2013,"Mar,Jun,Sept,Dec",3891.99081364829,8.26667608298664
"763",763,"d","c",32240,3,2010,0,NA,NA,"",6125.2512755102,8.72017505914454
"764",764,"a","c",26490,NA,NA,1,10,2014,"Mar,Jun,Sept,Dec",3538.98826597132,8.17159616470598
"765",765,"a","c",25430,5,1999,1,37,2009,"Jan,Apr,Jul,Oct",8506.86743886744,9.04862905025984
"766",766,"d","c",9820,NA,NA,0,NA,NA,"",6123.94372990354,8.71996156828068
"767",767,"a","c",13080,NA,NA,0,NA,NA,"",6023.40306122449,8.70340767114742
"768",768,"a","c",2630,9,2012,0,NA,NA,"",12991.8380102041,9.47207659389732
"769",769,"b","b",840,NA,NA,1,48,2012,"Jan,Apr,Jul,Oct",10825.9023354565,9.28969690602088
"770",770,"a","c",100,4,2015,0,NA,NA,"",6477.78818998716,8.77613440237473
"771",771,"a","a",20640,9,2007,0,NA,NA,"",6722.01125401929,8.81314268249062
"772",772,"d","c",1850,NA,NA,0,NA,NA,"",3582.19923371648,8.18373220187691
"773",773,"a","a",200,NA,NA,0,NA,NA,"",5716.10883482715,8.65104357925113
"774",774,"a","c",640,9,2013,0,NA,NA,"",5493.74362244898,8.61136520055891
"775",775,"d","c",6970,12,2005,1,22,2011,"Jan,Apr,Jul,Oct",8690.88906752412,9.0700305222925
"776",776,"c","a",700,4,2009,1,14,2011,"Jan,Apr,Jul,Oct",4804.80670103093,8.47737209188155
"777",777,"d","c",8250,10,2004,1,10,2013,"Mar,Jun,Sept,Dec",3991.35044929397,8.29188491108943
"778",778,"a","a",340,6,2003,1,40,2014,"Jan,Apr,Jul,Oct",5901.25723472669,8.68292069782487
"779",779,"a","a",16990,4,2004,0,NA,NA,"",7128.52179487179,8.87185917001682
"780",780,"a","a",18160,NA,NA,0,NA,NA,"",6547.18846153846,8.78679099396515
"781",781,"a","a",630,4,2007,0,NA,NA,"",4922.44230769231,8.50156009032115
"782",782,"c","c",5390,8,2003,1,1,2012,"Jan,Apr,Jul,Oct",5488.79974326059,8.61046488460154
"783",783,"d","c",15490,NA,NA,0,NA,NA,"",6860.18542199488,8.83348974979996
"784",784,"a","a",560,10,2014,1,10,2014,"Jan,Apr,Jul,Oct",7751.30937098845,8.95561705917205
"785",785,"d","c",970,7,2005,1,31,2013,"Feb,May,Aug,Nov",6511.51861360719,8.78132798197807
"786",786,"a","a",290,11,2006,1,5,2013,"Feb,May,Aug,Nov",3563.67435897436,8.17854741488044
"787",787,"c","c",3210,6,2009,0,NA,NA,"",10227.1474358974,9.23280097704095
"788",788,"a","c",1530,3,2013,0,NA,NA,"",17961.9145408163,9.79600893644296
"789",789,"a","c",9770,7,2003,0,NA,NA,"",3380.01158301158,8.1256344153977
"790",790,"d","c",9070,12,2003,0,NA,NA,"",7453.02176696543,8.91637483544169
"791",791,"a","a",5950,4,2007,0,NA,NA,"",7668.77663671374,8.94491238186329
"792",792,"d","a",17280,10,2009,1,18,2011,"Feb,May,Aug,Nov",7389.37355584082,8.9077982411801
"793",793,"d","a",2710,7,2006,0,NA,NA,"",4832.12195121951,8.48304097754524
"794",794,"c","c",5090,9,2006,0,NA,NA,"",3083.81282051282,8.03392203910354
"795",795,"d","a",510,NA,NA,1,35,2010,"Mar,Jun,Sept,Dec",4553.67394094994,8.42368964567435
"796",796,"a","c",7180,11,2012,0,NA,NA,"",7244.77278562259,8.88803549272022
"797",797,"a","a",2090,10,2012,1,40,2014,"Jan,Apr,Jul,Oct",4208.23151125402,8.34479776983716
"798",798,"a","a",9560,4,2001,0,NA,NA,"",7468.27435897436,8.91841924193194
"799",799,"a","c",2700,NA,NA,0,NA,NA,"",9894.98716302953,9.19978356071693
"800",800,"d","a",2020,7,2014,0,NA,NA,"",5337.43260590501,8.58250003092883
"801",801,"d","a",48330,4,2013,0,NA,NA,"",4845.22959183673,8.48574991057812
"802",802,"a","c",910,NA,NA,1,22,2011,"Feb,May,Aug,Nov",6841.07525510204,8.83070019930012
"803",803,"d","a",1760,NA,NA,1,10,2014,"Mar,Jun,Sept,Dec",6047.67880364109,8.70742980858552
"804",804,"c","c",2100,NA,NA,1,1,2013,"Jan,Apr,Jul,Oct",4922.18649517685,8.50150812035445
"805",805,"d","a",24770,10,2011,1,10,2014,"Mar,Jun,Sept,Dec",6084.22829581994,8.71345517664295
"806",806,"d","a",260,NA,NA,1,44,2010,"Feb,May,Aug,Nov",6808.28778135048,8.82589594041599
"807",807,"a","a",3870,4,2008,0,NA,NA,"",9820.04225352113,9.19218070414181
"808",808,"a","a",18620,NA,NA,1,31,2009,"Feb,May,Aug,Nov",7291.13333333333,8.89441427702549
"809",809,"a","a",12770,10,2000,0,NA,NA,"",9393.61489088575,9.14778547052474
"810",810,"d","c",9640,11,2013,0,NA,NA,"",5930.42105263158,8.68785049328758
"811",811,"a","a",410,9,2012,0,NA,NA,"",4132.03826530612,8.32652609091933
"812",812,"d","a",2590,9,2012,0,NA,NA,"",6366.7782051282,8.75884884434324
"813",813,"a","a",1560,9,2003,0,NA,NA,"",5810.71428571429,8.66745878303193
"814",814,"d","c",24530,7,2013,0,NA,NA,"",8476.76342710997,9.04508398459954
"815",815,"a","a",590,1,1900,1,40,2014,"Jan,Apr,Jul,Oct",8395.83762057878,9.03549134066045
"816",816,"c","c",460,NA,NA,0,NA,NA,"",5133.07702182285,8.5434605676733
"817",817,"a","a",140,3,2006,0,NA,NA,"",21757.4834183673,9.98771304255226
"818",818,"d","a",490,NA,NA,1,35,2010,"Mar,Jun,Sept,Dec",6110.57234314981,8.71777572096186
"819",819,"a","c",720,10,2014,0,NA,NA,"",6091.10076530612,8.71458409401045
"820",820,"a","c",1650,NA,NA,1,40,2014,"Jan,Apr,Jul,Oct",12085.8504823151,9.39979066569779
"821",821,"a","a",1700,9,2009,0,NA,NA,"",6937.49107142857,8.84469547105257
"822",822,"a","c",410,11,2010,1,48,2010,"Mar,Jun,Sept,Dec",7737.66454081633,8.95385518213881
"823",823,"a","c",16210,11,2010,0,NA,NA,"",5802.38392857143,8.66602413425553
"824",824,"a","a",17570,NA,NA,0,NA,NA,"",6834.3125,8.8297111588759
"825",825,"a","a",380,5,2011,1,40,2014,"Jan,Apr,Jul,Oct",4562.92122186495,8.42571831622982
"826",826,"a","c",7980,6,2005,0,NA,NA,"",8839.1868556701,9.08695016674814
"827",827,"a","c",250,1,2005,0,NA,NA,"",12771.6653895275,9.45498435473854
"828",828,"d","c",3290,12,2014,0,NA,NA,"",5199.94615384615,8.55640354948632
"829",829,"c","a",110,NA,NA,0,NA,NA,"",5920.66965428937,8.68620483875938
"830",830,"a","c",6320,NA,NA,1,5,2011,"Jan,Apr,Jul,Oct",6174.87948717949,8.7282446450595
"831",831,"a","a",800,6,2007,0,NA,NA,"",12689.0025673941,9.44849095772916
"832",832,"d","a",5070,NA,NA,1,45,2009,"Feb,May,Aug,Nov",6550.29321382842,8.78726509309734
"833",833,"d","c",3290,12,1999,1,35,2010,"Mar,Jun,Sept,Dec",5511.35044929397,8.61456496273313
"834",834,"a","a",3470,3,2012,0,NA,NA,"",5868.54209183673,8.67736151601795
"835",835,"a","a",2890,12,2007,1,10,2014,"Mar,Jun,Sept,Dec",5188.12646675359,8.55412792192288
"836",836,"a","a",2720,9,2012,0,NA,NA,"",5906.00256410256,8.68372449645592
"837",837,"a","c",14600,4,2015,0,NA,NA,"",3473.72170439414,8.15298183547309
"838",838,"d","c",6890,NA,NA,1,48,2011,"Mar,Jun,Sept,Dec",7987.27237851662,8.98560460106742
"839",839,"c","a",240,1,2015,0,NA,NA,"",5127.15816326531,8.54230682039415
"840",840,"a","a",1070,9,2009,0,NA,NA,"",7319.02040816327,8.89823177397871
"841",841,"a","a",27650,8,2004,0,NA,NA,"",2972.60897435897,7.99719528873701
"842",842,"d","c",1200,11,2007,0,NA,NA,"",18574.7958199357,9.82956087732827
"843",843,"c","a",60,4,2006,0,NA,NA,"",9468.70663265306,9.15574760163145
"844",844,"a","a",2030,9,2012,1,18,2011,"Feb,May,Aug,Nov",4178.71245186136,8.3377584521986
"845",845,"d","a",7860,11,2005,1,14,2011,"Jan,Apr,Jul,Oct",4828.5618556701,8.4823039498603
"846",846,"a","c",8860,4,2004,1,37,2009,"Jan,Apr,Jul,Oct",9224.63799743261,9.12963322666804
"847",847,"c","c",190,NA,NA,1,31,2013,"Feb,May,Aug,Nov",7111.76159793814,8.86950525553208
"848",848,"a","c",370,7,2007,1,14,2011,"Jan,Apr,Jul,Oct",6630.60288335518,8.79945101167854
"849",849,"c","c",5000,NA,NA,0,NA,NA,"",8155.2181122449,9.0064132605276
"850",850,"d","a",1120,5,2007,1,31,2013,"Jan,Apr,Jul,Oct",6201.78886010363,8.73259305524078
"851",851,"d","c",2330,NA,NA,1,49,2014,"Mar,Jun,Sept,Dec",5453.46302250804,8.60400610283935
"852",852,"c","a",940,4,2004,1,14,2011,"Jan,Apr,Jul,Oct",4606.51344430218,8.43522654709508
"853",853,"a","a",14040,NA,NA,0,NA,NA,"",9243.10424710425,9.13163306569347
"854",854,"c","a",4770,NA,NA,1,13,2010,"Jan,Apr,Jul,Oct",6577.14358974359,8.79135582516636
"855",855,"a","a",3440,NA,NA,1,45,2009,"Feb,May,Aug,Nov",5762.67181467181,8.65915650285553
"856",856,"a","a",3020,2,2010,0,NA,NA,"",7142.38010204082,8.87380134741042
"857",857,"c","a",6270,8,2005,1,23,2014,"Mar,Jun,Sept,Dec",7446.32266325224,8.91547558726389
"858",858,"a","a",3370,12,2008,1,40,2014,"Jan,Apr,Jul,Oct",4755.60450160772,8.46707909657485
"859",859,"c","a",21770,7,2015,0,NA,NA,"",7503.74919614148,8.92315806743848
"860",860,"c","c",5980,2,2010,0,NA,NA,"",5781.33375959079,8.66238968930122
"861",861,"c","c",740,NA,NA,1,14,2013,"Mar,Jun,Sept,Dec",3500.34947643979,8.16061809290415
"862",862,"a","c",2840,3,2010,1,14,2011,"Jan,Apr,Jul,Oct",8565.13392857143,9.05545504736351
"863",863,"a","c",21370,11,2010,0,NA,NA,"",7707.84780157835,8.94999428382535
"864",864,"a","a",1020,10,2012,1,45,2009,"Feb,May,Aug,Nov",4268.43629343629,8.35900283152612
"865",865,"d","c",2640,NA,NA,0,NA,NA,"",7566.58408215661,8.93149700048939
"866",866,"d","a",9680,NA,NA,1,5,2013,"Feb,May,Aug,Nov",6873.39180537772,8.83541297595362
"867",867,"d","c",21810,9,2012,0,NA,NA,"",4329.22159090909,8.37314303368313
"868",868,"d","c",1360,8,2005,1,10,2014,"Jan,Apr,Jul,Oct",9578.29961587708,9.16725536208766
"869",869,"c","a",230,10,2001,1,14,2011,"Jan,Apr,Jul,Oct",5973.30769230769,8.69505610526918
"870",870,"a","a",780,4,2009,0,NA,NA,"",6929.20466321244,8.84350031838447
"871",871,"d","c",10620,NA,NA,0,NA,NA,"",6260.4980793854,8.74201502632602
"872",872,"a","c",3860,9,2014,1,23,2015,"Mar,Jun,Sept,Dec",8536.40693196406,9.05209546428719
"873",873,"a","a",2040,11,2008,0,NA,NA,"",3833.34487179487,8.25149303571215
"874",874,"a","a",3210,NA,NA,0,NA,NA,"",4583.69260204082,8.43026019725441
"875",875,"d","a",5070,11,2007,1,18,2015,"Feb,May,Aug,Nov",5061.66238767651,8.5294502434396
"876",876,"a","a",21790,4,2005,1,18,2015,"Feb,May,Aug,Nov",9228.90992167102,9.13009621886157
"877",877,"a","c",29190,NA,NA,0,NA,NA,"",6331.50248138958,8.75329284580239
"878",878,"d","c",1100,12,2014,0,NA,NA,"",8720.08461538462,9.0733842204551
"879",879,"d","a",NA,NA,NA,1,5,2013,"Feb,May,Aug,Nov",3762.98392282958,8.23296751814997
"880",880,"a","c",4570,NA,NA,0,NA,NA,"",7507.0592020592,8.9235990837893
"881",881,"a","a",180,3,2008,1,31,2013,"Feb,May,Aug,Nov",4203.01668806162,8.34355780550916
"882",882,"a","a",30,4,2013,0,NA,NA,"",6615.95572916667,8.79723954520089
"883",883,"a","a",3200,6,2005,0,NA,NA,"",4768.65083440308,8.46981869993384
"884",884,"d","c",7550,NA,NA,0,NA,NA,"",5536.90996784566,8.61919185659427
"885",885,"a","a",480,12,2005,0,NA,NA,"",5458.67525773196,8.60496141251129
"886",886,"a","c",12430,10,2004,0,NA,NA,"",6442.72400513479,8.77070671183045
"887",887,"d","a",19700,NA,NA,1,37,2009,"Jan,Apr,Jul,Oct",6896.30350194553,8.83874082267807
"888",888,"d","a",4450,6,2012,1,35,2012,"Mar,Jun,Sept,Dec",7998.74107142857,8.98703944220721
"889",889,"d","a",18670,12,2005,0,NA,NA,"",4144.43717948718,8.3295222753554
"890",890,"a","a",4450,NA,NA,1,14,2011,"Jan,Apr,Jul,Oct",5729.58360128617,8.65339813713559
"891",891,"a","c",350,NA,NA,1,31,2013,"Feb,May,Aug,Nov",7976.40721649485,8.98424336556594
"892",892,"a","a",19370,4,2002,0,NA,NA,"",7599.16282051282,8.93579336501121
"893",893,"a","a",130,NA,NA,1,1,2013,"Jan,Apr,Jul,Oct",6396.59003215434,8.76352031987954
"894",894,"a","a",190,11,2012,0,NA,NA,"",8468.47989623865,9.0441063023824
"895",895,"a","c",4150,NA,NA,0,NA,NA,"",9329.35907335907,9.14092159623622
"896",896,"a","c",170,9,2012,0,NA,NA,"",6937.66581632653,8.84472065922153
"897",897,"c","c",3290,1,2007,1,5,2013,"Feb,May,Aug,Nov",3492.94473007712,8.158500421629
"898",898,"a","a",18540,NA,NA,0,NA,NA,"",6615.4347826087,8.79716080116295
"899",899,"d","a",2590,NA,NA,1,13,2010,"Jan,Apr,Jul,Oct",5268.31538461538,8.56946592906952
"900",900,"a","a",3920,4,2005,1,40,2014,"Jan,Apr,Jul,Oct",5844.51286173633,8.6732585277018
"901",901,"a","c",3170,4,2014,0,NA,NA,"",7231.04209183673,8.8861384391837
"902",902,"a","a",310,5,2015,1,40,2014,"Jan,Apr,Jul,Oct",4886.47106109325,8.49422565754571
"903",903,"d","c",7290,9,2014,0,NA,NA,"",11737.7459807074,9.37056508011971
"904",904,"d","c",570,7,2013,1,14,2011,"Jan,Apr,Jul,Oct",6016.75723472669,8.70230372784279
"905",905,"a","a",90,6,2014,0,NA,NA,"",8530.25160462131,9.05137413648932
"906",906,"a","a",90,7,2010,0,NA,NA,"",10929.2893725992,9.29920156282631
"907",907,"a","c",250,NA,NA,0,NA,NA,"",6270.74967907574,8.74365119252031
"908",908,"a","a",1980,7,2010,1,37,2009,"Jan,Apr,Jul,Oct",4234.8271446863,8.35109779035855
"909",909,"a","c",1680,NA,NA,1,45,2009,"Feb,May,Aug,Nov",10728.9835255354,9.28070409912764
"910",910,"d","c",12480,NA,NA,1,1,2013,"Jan,Apr,Jul,Oct",5708.80641025641,8.64976524581783
"911",911,"a","c",16490,NA,NA,0,NA,NA,"",9884.90816326531,9.19876444504717
"912",912,"c","c",3100,5,2010,0,NA,NA,"",5765.97959183673,8.65973033879506
"913",913,"a","a",280,NA,NA,0,NA,NA,"",8892.16108247423,9.09292539035795
"914",914,"c","c",2640,4,2011,1,22,2012,"Mar,Jun,Sept,Dec",9506.70790816327,9.15975292401655
"915",915,"d","c",650,3,2013,1,40,2014,"Jan,Apr,Jul,Oct",6338.1077170418,8.75433553553746
"916",916,"a","a",90,11,2012,0,NA,NA,"",5382.22680412371,8.59085747163337
"917",917,"a","a",7240,2,2010,0,NA,NA,"",6702.94480102696,8.81030223135865
"918",918,"a","c",18710,4,2015,0,NA,NA,"",5187.27179487179,8.55396317222129
"919",919,"a","a",2620,NA,NA,1,45,2009,"Feb,May,Aug,Nov",5536.38164251208,8.61909643323641
"920",920,"a","a",850,2,2012,1,40,2014,"Jan,Apr,Jul,Oct",5764.1961414791,8.65942098524952
"921",921,"a","a",840,9,2006,0,NA,NA,"",9473.89487179487,9.15629538692592
"922",922,"d","a",2110,3,2006,0,NA,NA,"",7405.8464516129,8.91002502828711
"923",923,"a","a",280,9,2008,0,NA,NA,"",5315.3443877551,8.57835308411532
"924",924,"a","a",6420,4,2011,1,1,2012,"Jan,Apr,Jul,Oct",4752.88318356868,8.46650669890164
"925",925,"c","a",470,3,2007,1,1,2012,"Jan,Apr,Jul,Oct",6702.42708333333,8.8102249910257
"926",926,"d","c",5150,3,2011,1,13,2010,"Jan,Apr,Jul,Oct",7260.58793324775,8.89021608708095
"927",927,"a","a",480,NA,NA,0,NA,NA,"",6562.11154345007,8.78906771176884
"928",928,"d","c",1090,NA,NA,1,31,2013,"Feb,May,Aug,Nov",8014.68292682927,8.98903050428974
"929",929,"a","c",4820,9,2013,0,NA,NA,"",5815.34566326531,8.6682555065679
"930",930,"a","a",70,NA,NA,0,NA,NA,"",7150.15789473684,8.8748897186242
"931",931,"a","c",1480,9,2011,1,1,2012,"Jan,Apr,Jul,Oct",3588.83885714286,8.18558399104317
"932",932,"a","a",15700,NA,NA,1,13,2010,"Jan,Apr,Jul,Oct",7395.20866773676,8.90858759215542
"933",933,"a","c",6270,2,2005,0,NA,NA,"",7331.47948717949,8.89993261451095
"934",934,"a","c",5460,NA,NA,1,14,2011,"Jan,Apr,Jul,Oct",6763.62002567394,8.81931353246094
"935",935,"a","c",22350,6,2010,0,NA,NA,"",5650.70535714286,8.63953565832056
"936",936,"a","a",580,2,2008,0,NA,NA,"",7056.28498074454,8.86167398529855
"937",937,"d","a",2810,NA,NA,1,10,2014,"Jan,Apr,Jul,Oct",7232.90012804097,8.88639535893437
"938",938,"a","a",2820,9,2009,0,NA,NA,"",9408.11479591837,9.14932787201107
"939",939,"d","a",1340,NA,NA,0,NA,NA,"",5977.84980744544,8.69581621831372
"940",940,"d","c",6470,9,2012,0,NA,NA,"",7252.59230769231,8.88911424362119
"941",941,"a","a",1200,12,2011,1,31,2013,"Jan,Apr,Jul,Oct",5030.63826366559,8.52330214642856
"942",942,"d","c",6860,NA,NA,1,18,2011,"Jan,Apr,Jul,Oct",6058.36491677337,8.70919522694258
"943",943,"d","c",18020,NA,NA,0,NA,NA,"",6969.18356867779,8.84925336184032
"944",944,"c","a",1670,7,2015,0,NA,NA,"",7930.50765306122,8.97847232935938
"945",945,"a","c",12480,3,2011,0,NA,NA,"",4374.95535714286,8.38365159465802
"946",946,"a","a",2220,12,2011,1,14,2015,"Jan,Apr,Jul,Oct",4203.42747111682,8.34365553602345
"947",947,"a","a",460,3,2014,1,13,2010,"Jan,Apr,Jul,Oct",8392.39818417639,9.03508159701729
"948",948,"b","b",1430,NA,NA,0,NA,NA,"",6944.24379719525,8.84566836476697
"949",949,"a","a",870,3,2006,0,NA,NA,"",5350.00637755102,8.58485303195495
"950",950,"a","a",8460,11,1994,0,NA,NA,"",5742.31741935484,8.65561813943086
"951",951,"d","c",710,NA,NA,1,40,2011,"Jan,Apr,Jul,Oct",7776.97946084724,8.95892329767914
"952",952,"d","c",6300,10,2013,0,NA,NA,"",6568.04823151125,8.78997199451445
"953",953,"a","a",19830,4,2006,1,22,2011,"Mar,Jun,Sept,Dec",5323.45524296675,8.57987785327436
"954",954,"a","a",390,2,2013,1,10,2014,"Jan,Apr,Jul,Oct",6966.0487804878,8.84880345355543
"955",955,"d","c",1690,7,2009,1,36,2013,"Mar,Jun,Sept,Dec",4719.54942233633,8.45946861265345
"956",956,"a","a",2330,10,2014,1,18,2011,"Feb,May,Aug,Nov",3855.91237113402,8.2573629301439
"957",957,"d","c",1420,11,2012,0,NA,NA,"",7898.88520408163,8.97447691509029
"958",958,"a","a",440,11,2013,0,NA,NA,"",4244.43239795918,8.35336337907726
"959",959,"a","c",1060,12,2005,0,NA,NA,"",7051.43494897959,8.86098641395744
"960",960,"d","a",8990,NA,NA,1,31,2009,"Feb,May,Aug,Nov",6723.60051216389,8.81337908053329
"961",961,"d","c",9430,NA,NA,0,NA,NA,"",6521.93581514763,8.78292651501713
"962",962,"c","a",260,NA,NA,0,NA,NA,"",6690.61488250653,8.80846105958731
"963",963,"a","c",23620,11,2013,0,NA,NA,"",10764.3209242619,9.28399232599375
"964",964,"a","a",270,NA,NA,1,5,2013,"Feb,May,Aug,Nov",9759.97279792746,9.18604489230566
"965",965,"a","c",110,NA,NA,0,NA,NA,"",8484.76312419974,9.04602726027213
"966",966,"a","a",760,2,2008,0,NA,NA,"",4818.0783055199,8.48013043574509
"967",967,"a","c",3560,9,2013,1,36,2013,"Jan,Apr,Jul,Oct",8641.17201540437,9.06429350252954
"968",968,"c","a",1190,NA,NA,0,NA,NA,"",7191.97692307692,8.88072136745289
"969",969,"a","c",600,11,1999,1,10,2013,"Jan,Apr,Jul,Oct",3503.46622516556,8.16150810745174
"970",970,"a","a",910,12,2014,1,37,2009,"Jan,Apr,Jul,Oct",3295.74263764405,8.10038680474164
"971",971,"c","a",1140,5,2011,1,14,2012,"Mar,Jun,Sept,Dec",8280.81865284974,9.021697113609
"972",972,"a","a",14960,NA,NA,0,NA,NA,"",3422.54558404558,8.13813987600614
"973",973,"d","c",330,NA,NA,1,28,2012,"Jan,Apr,Jul,Oct",6440.98587933248,8.77043689423467
"974",974,"a","a",150,3,2011,1,40,2014,"Jan,Apr,Jul,Oct",11540.9549839228,9.35365729087756
"975",975,"a","c",9630,NA,NA,1,14,2011,"Jan,Apr,Jul,Oct",7715.73684210526,8.95101726796258
"976",976,"a","a",4180,NA,NA,0,NA,NA,"",6974.96534017972,8.85008263752736
"977",977,"a","a",520,9,2005,1,13,2010,"Jan,Apr,Jul,Oct",4774.14285714286,8.47096973044412
"978",978,"c","c",3890,NA,NA,0,NA,NA,"",7213.57435897436,8.88371985763995
"979",979,"a","c",2270,11,2005,1,14,2011,"Jan,Apr,Jul,Oct",6264.46035805627,8.74264772763562
"980",980,"a","a",4420,9,2005,0,NA,NA,"",7019.6161745828,8.85646381953971
"981",981,"d","c",2620,11,2002,0,NA,NA,"",7308.91282051282,8.89684981671912
"982",982,"d","a",21930,NA,NA,0,NA,NA,"",8058.27948717949,8.99445534958508
"983",983,"a","a",40,3,2014,1,1,2014,"Jan,Apr,Jul,Oct",10286.3691709845,9.23857491631733
"984",984,"c","a",440,NA,NA,1,1,2013,"Jan,Apr,Jul,Oct",6067.21907216495,8.71065563610281
"985",985,"c","c",490,5,2007,1,13,2010,"Jan,Apr,Jul,Oct",8387.25868725869,9.03446901034548
"986",986,"a","a",620,10,2014,1,18,2014,"Feb,May,Aug,Nov",6228.32036316472,8.73686197080318
"987",987,"c","a",1690,6,2007,0,NA,NA,"",6847.35586734694,8.83161785197038
"988",988,"a","a",30,11,2012,0,NA,NA,"",4698.07142857143,8.45490736914147
"989",989,"a","a",1640,6,2006,1,40,2011,"Jan,Apr,Jul,Oct",5242.46302250804,8.5645467093431
"990",990,"d","a",20930,NA,NA,0,NA,NA,"",6409.13461538462,8.76547953540045
"991",991,"a","a",1010,NA,NA,0,NA,NA,"",5756.76508344031,8.6581309784655
"992",992,"a","a",2480,7,1990,0,NA,NA,"",5715.99101412067,8.65102296699126
"993",993,"d","c",3460,10,2013,1,10,2014,"Jan,Apr,Jul,Oct",7618.02948717949,8.93827301775559
"994",994,"a","a",2290,7,2011,1,1,2012,"Jan,Apr,Jul,Oct",4539.51604621309,8.42057568760303
"995",995,"d","a",6560,12,2013,0,NA,NA,"",9264.34615384615,9.13392856459896
"996",996,"c","a",2870,7,2015,1,13,2010,"Jan,Apr,Jul,Oct",6510.04693611473,8.78110194502528
"997",997,"d","c",5840,7,2010,1,37,2009,"Jan,Apr,Jul,Oct",5157.91805377721,8.54828829910632
"998",998,"a","a",780,9,2005,1,5,2013,"Feb,May,Aug,Nov",4316.9407979408,8.37030228175767
"999",999,"d","c",15140,2,2002,1,37,2009,"Jan,Apr,Jul,Oct",9183.74487179487,9.12519033853443
"1000",1000,"a","c",2230,5,2009,1,40,2014,"Jan,Apr,Jul,Oct",7452.61254019293,8.91631992643692
"1001",1001,"c","a",19640,NA,NA,1,14,2011,"Jan,Apr,Jul,Oct",5420.72122762148,8.5979841534078
"1002",1002,"d","c",1130,11,2008,0,NA,NA,"",6063.50765306122,8.71004373224847
"1003",1003,"a","a",170,7,2013,1,27,2013,"Jan,Apr,Jul,Oct",7382.80359435173,8.90690873628783
"1004",1004,"d","c",970,NA,NA,1,9,2011,"Mar,Jun,Sept,Dec",5165.44533762058,8.54974660002861
"1005",1005,"a","a",6480,NA,NA,0,NA,NA,"",6205.98074454429,8.73326874228748
"1006",1006,"c","c",3890,11,2006,1,5,2013,"Feb,May,Aug,Nov",6371.96153846154,8.75966263498874
"1007",1007,"c","c",4180,9,2012,0,NA,NA,"",6996.20408163265,8.85312300690122
"1008",1008,"a","c",30,9,2010,0,NA,NA,"",5331.10331632653,8.58131349692507
"1009",1009,"a","a",230,7,2004,1,10,2014,"Jan,Apr,Jul,Oct",4772.18488745981,8.47055952669606
"1010",1010,"d","c",4610,6,2010,1,18,2010,"Feb,May,Aug,Nov",8874.1568877551,9.09089861126816
"1011",1011,"a","c",490,9,2012,1,18,2011,"Feb,May,Aug,Nov",7878.23748395379,8.97185948828515
"1012",1012,"d","c",6330,6,2004,1,39,2010,"Jan,Apr,Jul,Oct",6049.71061093248,8.70776571697713
"1013",1013,"a","a",630,2,2015,1,31,2013,"Feb,May,Aug,Nov",3993.56097560976,8.29243858695498
"1014",1014,"a","c",210,NA,NA,1,31,2013,"Jan,Apr,Jul,Oct",12206.8061617458,9.40974895727329
"1015",1015,"d","c",9910,12,2010,1,9,2011,"Mar,Jun,Sept,Dec",6040.02952503209,8.70616417916726
"1016",1016,"c","c",550,NA,NA,1,35,2010,"Mar,Jun,Sept,Dec",5409.41463414634,8.59589616527409
"1017",1017,"c","a",110,11,2008,0,NA,NA,"",7222.21251629726,8.88491662764335
"1018",1018,"c","c",140,9,2012,0,NA,NA,"",11748.3427109974,9.37146746375184
"1019",1019,"d","c",2740,7,2014,1,13,2010,"Jan,Apr,Jul,Oct",9071.00481540931,9.11283832147241
"1020",1020,"a","a",40,8,2015,0,NA,NA,"",9032.45198463508,9.10857914716322
"1021",1021,"a","a",1080,5,2011,0,NA,NA,"",8877.74805194805,9.09130320607127
"1022",1022,"a","c",1520,NA,NA,0,NA,NA,"",7325.00513478819,8.89904913488
"1023",1023,"c","a",3740,2,2002,1,14,2011,"Jan,Apr,Jul,Oct",6152.61794871795,8.72463295294174
"1024",1024,"c","c",1990,1,2012,0,NA,NA,"",6135.47066326531,8.72184207193101
"1025",1025,"a","a",720,11,2009,0,NA,NA,"",7425.50128865979,8.91267547501617
"1026",1026,"c","a",450,6,2011,1,48,2012,"Mar,Jun,Sept,Dec",9495.6161745828,9.15858551577829
"1027",1027,"a","c",190,6,2008,1,40,2011,"Jan,Apr,Jul,Oct",13104.088282504,9.48067954313548
"1028",1028,"a","a",150,NA,NA,1,31,2013,"Jan,Apr,Jul,Oct",4732.63543003851,8.46223749969219
"1029",1029,"a","a",1590,3,2006,0,NA,NA,"",5416.49743589744,8.59720465599816
"1030",1030,"a","a",36410,4,2008,0,NA,NA,"",3610.67051282051,8.19164877170324
"1031",1031,"d","a",590,5,2001,0,NA,NA,"",4843.85622593068,8.48546642337591
"1032",1032,"d","c",270,2,2013,1,40,2012,"Jan,Apr,Jul,Oct",9195.19871794872,9.12643674832732
"1033",1033,"a","a",7680,3,2006,0,NA,NA,"",13865.1403061224,9.53713307744494
"1034",1034,"a","a",13750,4,2015,0,NA,NA,"",6503.77564102564,8.7801381550954
"1035",1035,"a","a",27150,NA,NA,0,NA,NA,"",4876.65897435897,8.49221562797482
"1036",1036,"d","c",9560,NA,NA,1,36,2013,"Jan,Apr,Jul,Oct",4986.2028241335,8.51442994198328
"1037",1037,"a","c",150,NA,NA,0,NA,NA,"",6906.44358974359,8.84021010840139
"1038",1038,"d","a",17290,10,2013,0,NA,NA,"",5897.26205787781,8.68224346419877
"1039",1039,"a","c",70,6,1990,1,22,2012,"Mar,Jun,Sept,Dec",8202.70351105332,9.01221907538432
"1040",1040,"a","a",4030,2,2013,1,10,2014,"Jan,Apr,Jul,Oct",8697.50962772786,9.07079201397896
"1041",1041,"c","a",1600,8,2013,1,40,2014,"Jan,Apr,Jul,Oct",6111.7154340836,8.71796277120285
"1042",1042,"a","a",3440,NA,NA,1,31,2013,"Feb,May,Aug,Nov",4131.25032092426,8.32633538128211
"1043",1043,"c","a",420,3,2006,0,NA,NA,"",8792.82820512821,9.08169169150228
"1044",1044,"c","a",240,4,2015,1,13,2010,"Jan,Apr,Jul,Oct",6622.0193050193,8.79815563338825
"1045",1045,"a","c",26990,12,2013,0,NA,NA,"",7535.88674971687,8.92743178823947
"1046",1046,"d","c",29070,4,2005,0,NA,NA,"",8698.35384615385,9.07088907365386
"1047",1047,"a","a",3750,NA,NA,1,45,2009,"Feb,May,Aug,Nov",4885.46907216495,8.49402058282807
"1048",1048,"d","c",1860,9,2012,1,40,2012,"Jan,Apr,Jul,Oct",6887.16858237548,8.83741533359206
"1049",1049,"a","a",370,7,2012,1,14,2011,"Jan,Apr,Jul,Oct",3985.37942122186,8.29038779904369
"1050",1050,"d","c",13170,8,2014,1,9,2011,"Mar,Jun,Sept,Dec",7389.51472471191,8.90781734530599
"1051",1051,"c","a",200,7,1998,1,1,2012,"Jan,Apr,Jul,Oct",7490.75848563969,8.92142533782471
"1052",1052,"a","c",5080,NA,NA,1,31,2013,"Feb,May,Aug,Nov",7269.39537869063,8.89142840045151
"1053",1053,"a","a",1710,7,2015,0,NA,NA,"",8932.30739795918,9.09743002772379
"1054",1054,"a","c",13190,NA,NA,1,45,2013,"Feb,May,Aug,Nov",6034.23214285714,8.70520389144451
"1055",1055,"c","a",1980,4,2009,0,NA,NA,"",7914.5938697318,8.97646365953076
"1056",1056,"d","c",5350,NA,NA,1,40,2012,"Jan,Apr,Jul,Oct",3877.29855537721,8.26289394150957
"1057",1057,"d","c",3230,11,2011,0,NA,NA,"",6423.99617346939,8.76779565996474
"1058",1058,"a","c",180,NA,NA,1,35,2010,"Mar,Jun,Sept,Dec",7263.33889602054,8.89059490512899
"1059",1059,"c","a",3380,4,2013,0,NA,NA,"",8424.55229591837,9.03890561385824
"1060",1060,"a","c",3430,NA,NA,1,31,2013,"Feb,May,Aug,Nov",7327.31322207959,8.89936418226762
"1061",1061,"d","c",8110,NA,NA,0,NA,NA,"",7378.33976833977,8.90630392864681
"1062",1062,"d","a",190,9,2012,1,40,2012,"Feb,May,Aug,Nov",6405.98074454429,8.76498732431761
"1063",1063,"a","c",6250,NA,NA,0,NA,NA,"",4271.28698979592,8.35967046357249
"1064",1064,"a","c",420,NA,NA,0,NA,NA,"",9455.57894736842,9.15436021109194
"1065",1065,"a","a",1290,NA,NA,1,35,2011,"Mar,Jun,Sept,Dec",4198.16237942122,8.34240217981861
"1066",1066,"a","a",3350,NA,NA,0,NA,NA,"",11073.919127086,9.31234799440212
"1067",1067,"d","c",12020,7,2009,0,NA,NA,"",5756.18649517685,8.65803046761735
"1068",1068,"d","c",5010,NA,NA,1,5,2013,"Jan,Apr,Jul,Oct",4441.53667953668,8.39875569454258
"1069",1069,"a","c",18050,NA,NA,1,14,2011,"Jan,Apr,Jul,Oct",6305.26982097187,8.74914104224495
"1070",1070,"c","c",400,10,2008,0,NA,NA,"",7034.71173469388,8.85861199283033
"1071",1071,"a","a",820,3,2012,1,35,2012,"Mar,Jun,Sept,Dec",6027.22576530612,8.70404211176706
"1072",1072,"a","c",5380,8,2015,1,5,2010,"Feb,May,Aug,Nov",6821.91142490372,8.82789497915108
"1073",1073,"a","c",1710,NA,NA,1,44,2012,"Jan,Apr,Jul,Oct",7276.79204107831,8.89244539037633
"1074",1074,"c","c",3330,10,2001,1,14,2011,"Jan,Apr,Jul,Oct",5146.24358974359,8.54602232746635
"1075",1075,"a","c",1410,10,2013,0,NA,NA,"",11485.3890306122,9.3488309874805
"1076",1076,"a","c",90,NA,NA,1,1,2013,"Jan,Apr,Jul,Oct",3620.02567394095,8.19423639704355
"1077",1077,"a","a",3750,11,2001,1,35,2010,"Mar,Jun,Sept,Dec",4489.7676508344,8.40955623125353
"1078",1078,"d","c",670,NA,NA,1,40,2011,"Jan,Apr,Jul,Oct",6808.07979407979,8.82586539081904
"1079",1079,"a","a",16680,NA,NA,1,37,2009,"Jan,Apr,Jul,Oct",8685.31241997439,9.06938865039142
"1080",1080,"a","a",2410,NA,NA,1,40,2014,"Jan,Apr,Jul,Oct",10190.7652733119,9.22923722382003
"1081",1081,"b","a",400,3,2006,0,NA,NA,"",5924.91941875826,8.68692236570127
"1082",1082,"c","a",440,4,2002,0,NA,NA,"",7044.78717948718,8.86004321514507
"1083",1083,"d","c",11540,NA,NA,1,5,2013,"Feb,May,Aug,Nov",5146.36875800256,8.54604664942753
"1084",1084,"a","a",190,NA,NA,1,13,2010,"Jan,Apr,Jul,Oct",6271.36956521739,8.74375004122842
"1085",1085,"c","a",4030,2,2015,0,NA,NA,"",7567.23341836735,8.93158281310225
"1086",1086,"a","a",180,11,2013,1,18,2011,"Feb,May,Aug,Nov",7677.40973111396,8.94603749465731
"1087",1087,"d","c",2210,11,2011,0,NA,NA,"",6282.20280612245,8.7454759632646
"1088",1088,"a","a",4300,3,2009,1,27,2013,"Jan,Apr,Jul,Oct",5084.70346598203,8.53399199134115
"1089",1089,"d","a",5220,5,2009,0,NA,NA,"",10160.7612323492,9.22628864276959
"1090",1090,"a","a",330,NA,NA,1,14,2011,"Jan,Apr,Jul,Oct",6453.07179487179,8.77231154368703
"1091",1091,"a","c",9990,NA,NA,0,NA,NA,"",8276.34566326531,9.02115680494166
"1092",1092,"a","a",300,7,2000,1,40,2014,"Jan,Apr,Jul,Oct",11960.538585209,9.38936805869881
"1093",1093,"c","c",10450,6,2009,0,NA,NA,"",8338.82692307692,9.02867782875431
"1094",1094,"d","a",2380,3,2013,1,40,2014,"Jan,Apr,Jul,Oct",4574.7154340836,8.4282997755748
"1095",1095,"a","a",690,6,2007,1,14,2011,"Jan,Apr,Jul,Oct",4781.41560102302,8.47249193248313
"1096",1096,"a","c",1130,NA,NA,1,10,2014,"Mar,Jun,Sept,Dec",5456.52374839538,8.60456718985658
"1097",1097,"b","b",720,3,2002,0,NA,NA,"",9744.59978768577,9.18446854262073
"1098",1098,"a","a",1830,11,2004,0,NA,NA,"",5259.49743589744,8.5677907566609
"1099",1099,"a","c",200,4,2013,1,14,2013,"Jan,Apr,Jul,Oct",7743.11198208287,8.95455895064594
"1100",1100,"a","a",540,NA,NA,1,14,2011,"Jan,Apr,Jul,Oct",5419.21196358908,8.59770568969118
"1101",1101,"d","c",4060,9,2012,0,NA,NA,"",9972.26658163265,9.20756317730184
"1102",1102,"a","a",850,11,2012,1,40,2014,"Jan,Apr,Jul,Oct",6999.98874598071,8.85366382031912
"1103",1103,"d","c",1340,10,2006,1,5,2013,"Feb,May,Aug,Nov",5019.54417413572,8.52109440659803
"1104",1104,"d","a",260,2,2012,1,14,2011,"Jan,Apr,Jul,Oct",5461.43408360129,8.605466686926
"1105",1105,"c","c",330,11,2008,1,5,2013,"Feb,May,Aug,Nov",4564.57252888318,8.42608014765503
"1106",1106,"a","c",5330,9,2011,1,31,2013,"Jan,Apr,Jul,Oct",4894.09566326531,8.49578479086211
"1107",1107,"a","a",1400,6,2012,1,13,2010,"Jan,Apr,Jul,Oct",6231.72070626003,8.73740777047764
"1108",1108,"a","a",540,4,2004,0,NA,NA,"",5746.9217948718,8.65641965042347
"1109",1109,"c","a",3490,4,2011,1,22,2012,"Jan,Apr,Jul,Oct",4927.20418006431,8.50252700273753
"1110",1110,"c","c",900,9,2010,0,NA,NA,"",4531.91060025543,8.41889889561958
"1111",1111,"a","a",1900,6,2014,1,31,2013,"Jan,Apr,Jul,Oct",5251.70218228498,8.56630752823318
"1112",1112,"c","c",1880,4,2006,0,NA,NA,"",10236.5776636714,9.23372263019995
"1113",1113,"a","c",9260,NA,NA,0,NA,NA,"",6627.85969387755,8.79903720962558
"1114",1114,"a","c",870,NA,NA,0,NA,NA,"",20666.5625,9.93627233502384
"1115",1115,"d","c",5350,NA,NA,1,22,2012,"Mar,Jun,Sept,Dec",6302.46991037132,8.74869688481368
